ISO-10303-21;
HEADER;
/* Generated by software containing ST-Developer
 * from STEP Tools, Inc. (www.steptools.com) 
 */

FILE_DESCRIPTION(
/* description */ ('model of PinHeader_2x05_P2.54mm_Vertical'),
/* implementation_level */ '2;1');

FILE_NAME(
/* name */ '78d4c31b-2fe8-4f49-9499-fec4920826bb.stp',
/* time_stamp */ '2025-07-21T20:05:36Z',
/* author */ (''),
/* organization */ (''),
/* preprocessor_version */ 'ST-DEVELOPER v20.1',
/* originating_system */ 'Autodesk Translation Framework v14.10.0.0',
/* authorisation */ '');

FILE_SCHEMA (('AUTOMOTIVE_DESIGN { 1 0 10303 214 3 1 1 }'));
ENDSEC;

DATA;
#10=MECHANICAL_DESIGN_GEOMETRIC_PRESENTATION_REPRESENTATION('',(#3198,#3199,
#3200,#3201,#3202,#3203,#3204,#3205,#3206,#3207,#3208,#3209,#3210,#3211,
#3212,#3213,#3214,#3215,#3216,#3217,#3218,#3219,#3220,#3221,#3222,#3223,
#3224,#3225,#3226,#3227,#3228,#3229,#3230,#3231,#3232,#3233,#3234,#3235,
#3236,#3237,#3238,#3239,#3240,#3241,#3242,#3243,#3244,#3245,#3246,#3247,
#3248,#3249,#3250,#3251,#3252,#3253,#3254,#3255,#3256,#3257,#3258,#3259,
#3260,#3261,#3262,#3263,#3264,#3265,#3266,#3267,#3268,#3269,#3270,#3271,
#3272,#3273,#3274,#3275,#3276,#3277,#3278,#3279,#3280,#3281,#3282,#3283,
#3284,#3285,#3286,#3287,#3288,#3289,#3290,#3291,#3292,#3293,#3294,#3295,
#3296,#3297,#3298,#3299,#3300,#3301,#3302,#3303,#3304,#3305,#3306,#3307,
#3308,#3309,#3310,#3311,#3312,#3313,#3314,#3315,#3316,#3317,#3318,#3319,
#3320,#3321,#3322,#3323,#3324,#3325,#3326,#3327,#3328,#3329,#3330,#3331,
#3332,#3333,#3334,#3335,#3336,#3337,#3338,#3339,#3340,#3341,#3342,#3343,
#3344,#3345,#3346,#3347,#3348,#3349,#3350,#3351,#3352,#3353,#3354,#3355,
#3356,#3357,#3358,#3359,#3360,#3361,#3362,#3363,#3364,#3365,#3366,#3367,
#3368,#3369,#3370,#3371,#3372,#3373,#3374,#3375,#3376,#3377,#3378,#3379,
#3380,#3381,#3382,#3383,#3384,#3385,#3386,#3387,#3388,#3389,#3390,#3391,
#3392,#3393,#3394),#5587);
#11=SHAPE_REPRESENTATION_RELATIONSHIP('SRR','None',#5594,#12);
#12=ADVANCED_BREP_SHAPE_REPRESENTATION('',(#13),#5586);
#13=MANIFOLD_SOLID_BREP('Body1',#3591);
#14=FACE_BOUND('',#232,.T.);
#15=FACE_BOUND('',#233,.T.);
#16=FACE_BOUND('',#234,.T.);
#17=FACE_BOUND('',#235,.T.);
#18=FACE_BOUND('',#236,.T.);
#19=FACE_BOUND('',#237,.T.);
#20=FACE_BOUND('',#238,.T.);
#21=FACE_BOUND('',#239,.T.);
#22=FACE_BOUND('',#240,.T.);
#23=FACE_BOUND('',#242,.T.);
#24=FACE_BOUND('',#243,.T.);
#25=FACE_BOUND('',#244,.T.);
#26=FACE_BOUND('',#245,.T.);
#27=FACE_BOUND('',#246,.T.);
#28=FACE_BOUND('',#247,.T.);
#29=FACE_BOUND('',#248,.T.);
#30=FACE_BOUND('',#249,.T.);
#31=FACE_BOUND('',#250,.T.);
#32=FACE_OUTER_BOUND('',#228,.T.);
#33=FACE_OUTER_BOUND('',#229,.T.);
#34=FACE_OUTER_BOUND('',#230,.T.);
#35=FACE_OUTER_BOUND('',#231,.T.);
#36=FACE_OUTER_BOUND('',#241,.T.);
#37=FACE_OUTER_BOUND('',#251,.T.);
#38=FACE_OUTER_BOUND('',#252,.T.);
#39=FACE_OUTER_BOUND('',#253,.T.);
#40=FACE_OUTER_BOUND('',#254,.T.);
#41=FACE_OUTER_BOUND('',#255,.T.);
#42=FACE_OUTER_BOUND('',#256,.T.);
#43=FACE_OUTER_BOUND('',#257,.T.);
#44=FACE_OUTER_BOUND('',#258,.T.);
#45=FACE_OUTER_BOUND('',#259,.T.);
#46=FACE_OUTER_BOUND('',#260,.T.);
#47=FACE_OUTER_BOUND('',#261,.T.);
#48=FACE_OUTER_BOUND('',#262,.T.);
#49=FACE_OUTER_BOUND('',#263,.T.);
#50=FACE_OUTER_BOUND('',#264,.T.);
#51=FACE_OUTER_BOUND('',#265,.T.);
#52=FACE_OUTER_BOUND('',#266,.T.);
#53=FACE_OUTER_BOUND('',#267,.T.);
#54=FACE_OUTER_BOUND('',#268,.T.);
#55=FACE_OUTER_BOUND('',#269,.T.);
#56=FACE_OUTER_BOUND('',#270,.T.);
#57=FACE_OUTER_BOUND('',#271,.T.);
#58=FACE_OUTER_BOUND('',#272,.T.);
#59=FACE_OUTER_BOUND('',#273,.T.);
#60=FACE_OUTER_BOUND('',#274,.T.);
#61=FACE_OUTER_BOUND('',#275,.T.);
#62=FACE_OUTER_BOUND('',#276,.T.);
#63=FACE_OUTER_BOUND('',#277,.T.);
#64=FACE_OUTER_BOUND('',#278,.T.);
#65=FACE_OUTER_BOUND('',#279,.T.);
#66=FACE_OUTER_BOUND('',#280,.T.);
#67=FACE_OUTER_BOUND('',#281,.T.);
#68=FACE_OUTER_BOUND('',#282,.T.);
#69=FACE_OUTER_BOUND('',#283,.T.);
#70=FACE_OUTER_BOUND('',#284,.T.);
#71=FACE_OUTER_BOUND('',#285,.T.);
#72=FACE_OUTER_BOUND('',#286,.T.);
#73=FACE_OUTER_BOUND('',#287,.T.);
#74=FACE_OUTER_BOUND('',#288,.T.);
#75=FACE_OUTER_BOUND('',#289,.T.);
#76=FACE_OUTER_BOUND('',#290,.T.);
#77=FACE_OUTER_BOUND('',#291,.T.);
#78=FACE_OUTER_BOUND('',#292,.T.);
#79=FACE_OUTER_BOUND('',#293,.T.);
#80=FACE_OUTER_BOUND('',#294,.T.);
#81=FACE_OUTER_BOUND('',#295,.T.);
#82=FACE_OUTER_BOUND('',#296,.T.);
#83=FACE_OUTER_BOUND('',#297,.T.);
#84=FACE_OUTER_BOUND('',#298,.T.);
#85=FACE_OUTER_BOUND('',#299,.T.);
#86=FACE_OUTER_BOUND('',#300,.T.);
#87=FACE_OUTER_BOUND('',#301,.T.);
#88=FACE_OUTER_BOUND('',#302,.T.);
#89=FACE_OUTER_BOUND('',#303,.T.);
#90=FACE_OUTER_BOUND('',#304,.T.);
#91=FACE_OUTER_BOUND('',#305,.T.);
#92=FACE_OUTER_BOUND('',#306,.T.);
#93=FACE_OUTER_BOUND('',#307,.T.);
#94=FACE_OUTER_BOUND('',#308,.T.);
#95=FACE_OUTER_BOUND('',#309,.T.);
#96=FACE_OUTER_BOUND('',#310,.T.);
#97=FACE_OUTER_BOUND('',#311,.T.);
#98=FACE_OUTER_BOUND('',#312,.T.);
#99=FACE_OUTER_BOUND('',#313,.T.);
#100=FACE_OUTER_BOUND('',#314,.T.);
#101=FACE_OUTER_BOUND('',#315,.T.);
#102=FACE_OUTER_BOUND('',#316,.T.);
#103=FACE_OUTER_BOUND('',#317,.T.);
#104=FACE_OUTER_BOUND('',#318,.T.);
#105=FACE_OUTER_BOUND('',#319,.T.);
#106=FACE_OUTER_BOUND('',#320,.T.);
#107=FACE_OUTER_BOUND('',#321,.T.);
#108=FACE_OUTER_BOUND('',#322,.T.);
#109=FACE_OUTER_BOUND('',#323,.T.);
#110=FACE_OUTER_BOUND('',#324,.T.);
#111=FACE_OUTER_BOUND('',#325,.T.);
#112=FACE_OUTER_BOUND('',#326,.T.);
#113=FACE_OUTER_BOUND('',#327,.T.);
#114=FACE_OUTER_BOUND('',#328,.T.);
#115=FACE_OUTER_BOUND('',#329,.T.);
#116=FACE_OUTER_BOUND('',#330,.T.);
#117=FACE_OUTER_BOUND('',#331,.T.);
#118=FACE_OUTER_BOUND('',#332,.T.);
#119=FACE_OUTER_BOUND('',#333,.T.);
#120=FACE_OUTER_BOUND('',#334,.T.);
#121=FACE_OUTER_BOUND('',#335,.T.);
#122=FACE_OUTER_BOUND('',#336,.T.);
#123=FACE_OUTER_BOUND('',#337,.T.);
#124=FACE_OUTER_BOUND('',#338,.T.);
#125=FACE_OUTER_BOUND('',#339,.T.);
#126=FACE_OUTER_BOUND('',#340,.T.);
#127=FACE_OUTER_BOUND('',#341,.T.);
#128=FACE_OUTER_BOUND('',#342,.T.);
#129=FACE_OUTER_BOUND('',#343,.T.);
#130=FACE_OUTER_BOUND('',#344,.T.);
#131=FACE_OUTER_BOUND('',#345,.T.);
#132=FACE_OUTER_BOUND('',#346,.T.);
#133=FACE_OUTER_BOUND('',#347,.T.);
#134=FACE_OUTER_BOUND('',#348,.T.);
#135=FACE_OUTER_BOUND('',#349,.T.);
#136=FACE_OUTER_BOUND('',#350,.T.);
#137=FACE_OUTER_BOUND('',#351,.T.);
#138=FACE_OUTER_BOUND('',#352,.T.);
#139=FACE_OUTER_BOUND('',#353,.T.);
#140=FACE_OUTER_BOUND('',#354,.T.);
#141=FACE_OUTER_BOUND('',#355,.T.);
#142=FACE_OUTER_BOUND('',#356,.T.);
#143=FACE_OUTER_BOUND('',#357,.T.);
#144=FACE_OUTER_BOUND('',#358,.T.);
#145=FACE_OUTER_BOUND('',#359,.T.);
#146=FACE_OUTER_BOUND('',#360,.T.);
#147=FACE_OUTER_BOUND('',#361,.T.);
#148=FACE_OUTER_BOUND('',#362,.T.);
#149=FACE_OUTER_BOUND('',#363,.T.);
#150=FACE_OUTER_BOUND('',#364,.T.);
#151=FACE_OUTER_BOUND('',#365,.T.);
#152=FACE_OUTER_BOUND('',#366,.T.);
#153=FACE_OUTER_BOUND('',#367,.T.);
#154=FACE_OUTER_BOUND('',#368,.T.);
#155=FACE_OUTER_BOUND('',#369,.T.);
#156=FACE_OUTER_BOUND('',#370,.T.);
#157=FACE_OUTER_BOUND('',#371,.T.);
#158=FACE_OUTER_BOUND('',#372,.T.);
#159=FACE_OUTER_BOUND('',#373,.T.);
#160=FACE_OUTER_BOUND('',#374,.T.);
#161=FACE_OUTER_BOUND('',#375,.T.);
#162=FACE_OUTER_BOUND('',#376,.T.);
#163=FACE_OUTER_BOUND('',#377,.T.);
#164=FACE_OUTER_BOUND('',#378,.T.);
#165=FACE_OUTER_BOUND('',#379,.T.);
#166=FACE_OUTER_BOUND('',#380,.T.);
#167=FACE_OUTER_BOUND('',#381,.T.);
#168=FACE_OUTER_BOUND('',#382,.T.);
#169=FACE_OUTER_BOUND('',#383,.T.);
#170=FACE_OUTER_BOUND('',#384,.T.);
#171=FACE_OUTER_BOUND('',#385,.T.);
#172=FACE_OUTER_BOUND('',#386,.T.);
#173=FACE_OUTER_BOUND('',#387,.T.);
#174=FACE_OUTER_BOUND('',#388,.T.);
#175=FACE_OUTER_BOUND('',#389,.T.);
#176=FACE_OUTER_BOUND('',#390,.T.);
#177=FACE_OUTER_BOUND('',#391,.T.);
#178=FACE_OUTER_BOUND('',#392,.T.);
#179=FACE_OUTER_BOUND('',#393,.T.);
#180=FACE_OUTER_BOUND('',#394,.T.);
#181=FACE_OUTER_BOUND('',#395,.T.);
#182=FACE_OUTER_BOUND('',#396,.T.);
#183=FACE_OUTER_BOUND('',#397,.T.);
#184=FACE_OUTER_BOUND('',#398,.T.);
#185=FACE_OUTER_BOUND('',#399,.T.);
#186=FACE_OUTER_BOUND('',#400,.T.);
#187=FACE_OUTER_BOUND('',#401,.T.);
#188=FACE_OUTER_BOUND('',#402,.T.);
#189=FACE_OUTER_BOUND('',#403,.T.);
#190=FACE_OUTER_BOUND('',#404,.T.);
#191=FACE_OUTER_BOUND('',#405,.T.);
#192=FACE_OUTER_BOUND('',#406,.T.);
#193=FACE_OUTER_BOUND('',#407,.T.);
#194=FACE_OUTER_BOUND('',#408,.T.);
#195=FACE_OUTER_BOUND('',#409,.T.);
#196=FACE_OUTER_BOUND('',#410,.T.);
#197=FACE_OUTER_BOUND('',#411,.T.);
#198=FACE_OUTER_BOUND('',#412,.T.);
#199=FACE_OUTER_BOUND('',#413,.T.);
#200=FACE_OUTER_BOUND('',#414,.T.);
#201=FACE_OUTER_BOUND('',#415,.T.);
#202=FACE_OUTER_BOUND('',#416,.T.);
#203=FACE_OUTER_BOUND('',#417,.T.);
#204=FACE_OUTER_BOUND('',#418,.T.);
#205=FACE_OUTER_BOUND('',#419,.T.);
#206=FACE_OUTER_BOUND('',#420,.T.);
#207=FACE_OUTER_BOUND('',#421,.T.);
#208=FACE_OUTER_BOUND('',#422,.T.);
#209=FACE_OUTER_BOUND('',#423,.T.);
#210=FACE_OUTER_BOUND('',#424,.T.);
#211=FACE_OUTER_BOUND('',#425,.T.);
#212=FACE_OUTER_BOUND('',#426,.T.);
#213=FACE_OUTER_BOUND('',#427,.T.);
#214=FACE_OUTER_BOUND('',#428,.T.);
#215=FACE_OUTER_BOUND('',#429,.T.);
#216=FACE_OUTER_BOUND('',#430,.T.);
#217=FACE_OUTER_BOUND('',#431,.T.);
#218=FACE_OUTER_BOUND('',#432,.T.);
#219=FACE_OUTER_BOUND('',#433,.T.);
#220=FACE_OUTER_BOUND('',#434,.T.);
#221=FACE_OUTER_BOUND('',#435,.T.);
#222=FACE_OUTER_BOUND('',#436,.T.);
#223=FACE_OUTER_BOUND('',#437,.T.);
#224=FACE_OUTER_BOUND('',#438,.T.);
#225=FACE_OUTER_BOUND('',#439,.T.);
#226=FACE_OUTER_BOUND('',#440,.T.);
#227=FACE_OUTER_BOUND('',#441,.T.);
#228=EDGE_LOOP('',(#2090,#2091,#2092,#2093));
#229=EDGE_LOOP('',(#2094,#2095,#2096,#2097));
#230=EDGE_LOOP('',(#2098,#2099,#2100,#2101));
#231=EDGE_LOOP('',(#2102,#2103,#2104,#2105,#2106,#2107,#2108,#2109,#2110,
#2111,#2112,#2113,#2114,#2115,#2116,#2117,#2118,#2119,#2120,#2121,#2122,
#2123,#2124,#2125,#2126,#2127,#2128,#2129,#2130,#2131,#2132,#2133));
#232=EDGE_LOOP('',(#2134,#2135,#2136,#2137));
#233=EDGE_LOOP('',(#2138,#2139,#2140,#2141));
#234=EDGE_LOOP('',(#2142,#2143,#2144,#2145));
#235=EDGE_LOOP('',(#2146,#2147,#2148,#2149));
#236=EDGE_LOOP('',(#2150,#2151,#2152,#2153));
#237=EDGE_LOOP('',(#2154,#2155,#2156,#2157));
#238=EDGE_LOOP('',(#2158,#2159,#2160,#2161));
#239=EDGE_LOOP('',(#2162,#2163,#2164,#2165));
#240=EDGE_LOOP('',(#2166,#2167,#2168,#2169));
#241=EDGE_LOOP('',(#2170,#2171,#2172,#2173,#2174,#2175,#2176,#2177,#2178,
#2179,#2180,#2181,#2182,#2183,#2184,#2185,#2186,#2187,#2188,#2189,#2190,
#2191,#2192,#2193,#2194,#2195,#2196,#2197,#2198,#2199,#2200,#2201));
#242=EDGE_LOOP('',(#2202,#2203,#2204,#2205));
#243=EDGE_LOOP('',(#2206,#2207,#2208,#2209));
#244=EDGE_LOOP('',(#2210,#2211,#2212,#2213));
#245=EDGE_LOOP('',(#2214,#2215,#2216,#2217));
#246=EDGE_LOOP('',(#2218,#2219,#2220,#2221));
#247=EDGE_LOOP('',(#2222,#2223,#2224,#2225));
#248=EDGE_LOOP('',(#2226,#2227,#2228,#2229));
#249=EDGE_LOOP('',(#2230,#2231,#2232,#2233));
#250=EDGE_LOOP('',(#2234,#2235,#2236,#2237));
#251=EDGE_LOOP('',(#2238,#2239,#2240,#2241));
#252=EDGE_LOOP('',(#2242,#2243,#2244,#2245));
#253=EDGE_LOOP('',(#2246,#2247,#2248,#2249));
#254=EDGE_LOOP('',(#2250,#2251,#2252,#2253));
#255=EDGE_LOOP('',(#2254,#2255,#2256,#2257));
#256=EDGE_LOOP('',(#2258,#2259,#2260,#2261));
#257=EDGE_LOOP('',(#2262,#2263,#2264,#2265));
#258=EDGE_LOOP('',(#2266,#2267,#2268,#2269));
#259=EDGE_LOOP('',(#2270,#2271,#2272,#2273));
#260=EDGE_LOOP('',(#2274,#2275,#2276,#2277));
#261=EDGE_LOOP('',(#2278,#2279,#2280,#2281));
#262=EDGE_LOOP('',(#2282,#2283,#2284,#2285));
#263=EDGE_LOOP('',(#2286,#2287,#2288,#2289));
#264=EDGE_LOOP('',(#2290,#2291,#2292,#2293));
#265=EDGE_LOOP('',(#2294,#2295,#2296,#2297));
#266=EDGE_LOOP('',(#2298,#2299,#2300,#2301));
#267=EDGE_LOOP('',(#2302,#2303,#2304,#2305));
#268=EDGE_LOOP('',(#2306,#2307,#2308,#2309));
#269=EDGE_LOOP('',(#2310,#2311,#2312,#2313));
#270=EDGE_LOOP('',(#2314,#2315,#2316,#2317));
#271=EDGE_LOOP('',(#2318,#2319,#2320,#2321));
#272=EDGE_LOOP('',(#2322,#2323,#2324,#2325));
#273=EDGE_LOOP('',(#2326,#2327,#2328,#2329));
#274=EDGE_LOOP('',(#2330,#2331,#2332,#2333));
#275=EDGE_LOOP('',(#2334,#2335,#2336,#2337));
#276=EDGE_LOOP('',(#2338,#2339,#2340,#2341));
#277=EDGE_LOOP('',(#2342,#2343,#2344,#2345));
#278=EDGE_LOOP('',(#2346,#2347,#2348,#2349));
#279=EDGE_LOOP('',(#2350,#2351,#2352,#2353));
#280=EDGE_LOOP('',(#2354,#2355,#2356,#2357));
#281=EDGE_LOOP('',(#2358,#2359,#2360,#2361));
#282=EDGE_LOOP('',(#2362,#2363,#2364,#2365));
#283=EDGE_LOOP('',(#2366,#2367,#2368,#2369));
#284=EDGE_LOOP('',(#2370,#2371,#2372,#2373));
#285=EDGE_LOOP('',(#2374,#2375,#2376,#2377));
#286=EDGE_LOOP('',(#2378,#2379,#2380,#2381));
#287=EDGE_LOOP('',(#2382,#2383,#2384,#2385));
#288=EDGE_LOOP('',(#2386,#2387,#2388,#2389));
#289=EDGE_LOOP('',(#2390,#2391,#2392,#2393));
#290=EDGE_LOOP('',(#2394,#2395,#2396,#2397));
#291=EDGE_LOOP('',(#2398,#2399,#2400,#2401));
#292=EDGE_LOOP('',(#2402,#2403,#2404,#2405));
#293=EDGE_LOOP('',(#2406,#2407,#2408,#2409));
#294=EDGE_LOOP('',(#2410,#2411,#2412,#2413));
#295=EDGE_LOOP('',(#2414,#2415,#2416,#2417));
#296=EDGE_LOOP('',(#2418,#2419,#2420,#2421));
#297=EDGE_LOOP('',(#2422,#2423,#2424,#2425));
#298=EDGE_LOOP('',(#2426,#2427,#2428,#2429));
#299=EDGE_LOOP('',(#2430,#2431,#2432,#2433));
#300=EDGE_LOOP('',(#2434,#2435,#2436,#2437));
#301=EDGE_LOOP('',(#2438,#2439,#2440,#2441));
#302=EDGE_LOOP('',(#2442,#2443,#2444,#2445));
#303=EDGE_LOOP('',(#2446,#2447,#2448,#2449));
#304=EDGE_LOOP('',(#2450,#2451,#2452,#2453));
#305=EDGE_LOOP('',(#2454,#2455,#2456,#2457));
#306=EDGE_LOOP('',(#2458,#2459,#2460,#2461));
#307=EDGE_LOOP('',(#2462,#2463,#2464,#2465));
#308=EDGE_LOOP('',(#2466,#2467,#2468,#2469));
#309=EDGE_LOOP('',(#2470,#2471,#2472,#2473));
#310=EDGE_LOOP('',(#2474,#2475,#2476,#2477));
#311=EDGE_LOOP('',(#2478,#2479,#2480,#2481));
#312=EDGE_LOOP('',(#2482,#2483,#2484,#2485));
#313=EDGE_LOOP('',(#2486,#2487,#2488,#2489));
#314=EDGE_LOOP('',(#2490,#2491,#2492,#2493));
#315=EDGE_LOOP('',(#2494,#2495,#2496,#2497));
#316=EDGE_LOOP('',(#2498,#2499,#2500,#2501));
#317=EDGE_LOOP('',(#2502,#2503,#2504,#2505));
#318=EDGE_LOOP('',(#2506,#2507,#2508,#2509));
#319=EDGE_LOOP('',(#2510,#2511,#2512,#2513));
#320=EDGE_LOOP('',(#2514,#2515,#2516,#2517));
#321=EDGE_LOOP('',(#2518,#2519,#2520,#2521));
#322=EDGE_LOOP('',(#2522,#2523,#2524,#2525));
#323=EDGE_LOOP('',(#2526,#2527,#2528,#2529));
#324=EDGE_LOOP('',(#2530,#2531,#2532,#2533));
#325=EDGE_LOOP('',(#2534,#2535,#2536,#2537));
#326=EDGE_LOOP('',(#2538,#2539,#2540,#2541));
#327=EDGE_LOOP('',(#2542,#2543,#2544,#2545));
#328=EDGE_LOOP('',(#2546,#2547,#2548,#2549));
#329=EDGE_LOOP('',(#2550,#2551,#2552,#2553));
#330=EDGE_LOOP('',(#2554,#2555,#2556,#2557));
#331=EDGE_LOOP('',(#2558,#2559,#2560,#2561));
#332=EDGE_LOOP('',(#2562,#2563,#2564,#2565));
#333=EDGE_LOOP('',(#2566,#2567,#2568,#2569));
#334=EDGE_LOOP('',(#2570,#2571,#2572,#2573));
#335=EDGE_LOOP('',(#2574,#2575,#2576,#2577));
#336=EDGE_LOOP('',(#2578,#2579,#2580,#2581));
#337=EDGE_LOOP('',(#2582,#2583,#2584,#2585));
#338=EDGE_LOOP('',(#2586,#2587,#2588,#2589));
#339=EDGE_LOOP('',(#2590,#2591,#2592,#2593));
#340=EDGE_LOOP('',(#2594,#2595,#2596,#2597));
#341=EDGE_LOOP('',(#2598,#2599,#2600,#2601));
#342=EDGE_LOOP('',(#2602,#2603,#2604,#2605));
#343=EDGE_LOOP('',(#2606,#2607,#2608,#2609));
#344=EDGE_LOOP('',(#2610,#2611,#2612,#2613));
#345=EDGE_LOOP('',(#2614,#2615,#2616,#2617));
#346=EDGE_LOOP('',(#2618,#2619,#2620,#2621));
#347=EDGE_LOOP('',(#2622,#2623,#2624,#2625));
#348=EDGE_LOOP('',(#2626,#2627,#2628,#2629));
#349=EDGE_LOOP('',(#2630,#2631,#2632,#2633));
#350=EDGE_LOOP('',(#2634,#2635,#2636,#2637));
#351=EDGE_LOOP('',(#2638,#2639,#2640,#2641));
#352=EDGE_LOOP('',(#2642,#2643,#2644,#2645));
#353=EDGE_LOOP('',(#2646,#2647,#2648,#2649));
#354=EDGE_LOOP('',(#2650,#2651,#2652,#2653));
#355=EDGE_LOOP('',(#2654,#2655,#2656,#2657));
#356=EDGE_LOOP('',(#2658,#2659,#2660,#2661));
#357=EDGE_LOOP('',(#2662,#2663,#2664,#2665));
#358=EDGE_LOOP('',(#2666,#2667,#2668,#2669));
#359=EDGE_LOOP('',(#2670,#2671,#2672,#2673));
#360=EDGE_LOOP('',(#2674,#2675,#2676,#2677));
#361=EDGE_LOOP('',(#2678,#2679,#2680,#2681));
#362=EDGE_LOOP('',(#2682,#2683,#2684,#2685));
#363=EDGE_LOOP('',(#2686,#2687,#2688,#2689));
#364=EDGE_LOOP('',(#2690,#2691,#2692,#2693));
#365=EDGE_LOOP('',(#2694,#2695,#2696,#2697));
#366=EDGE_LOOP('',(#2698,#2699,#2700,#2701));
#367=EDGE_LOOP('',(#2702,#2703,#2704,#2705));
#368=EDGE_LOOP('',(#2706,#2707,#2708,#2709));
#369=EDGE_LOOP('',(#2710,#2711,#2712,#2713));
#370=EDGE_LOOP('',(#2714,#2715,#2716,#2717));
#371=EDGE_LOOP('',(#2718,#2719,#2720,#2721));
#372=EDGE_LOOP('',(#2722,#2723,#2724,#2725));
#373=EDGE_LOOP('',(#2726,#2727,#2728,#2729));
#374=EDGE_LOOP('',(#2730,#2731,#2732,#2733));
#375=EDGE_LOOP('',(#2734,#2735,#2736,#2737));
#376=EDGE_LOOP('',(#2738,#2739,#2740,#2741));
#377=EDGE_LOOP('',(#2742,#2743,#2744,#2745));
#378=EDGE_LOOP('',(#2746,#2747,#2748,#2749));
#379=EDGE_LOOP('',(#2750,#2751,#2752,#2753));
#380=EDGE_LOOP('',(#2754,#2755,#2756,#2757));
#381=EDGE_LOOP('',(#2758,#2759,#2760,#2761));
#382=EDGE_LOOP('',(#2762,#2763,#2764,#2765));
#383=EDGE_LOOP('',(#2766,#2767,#2768,#2769));
#384=EDGE_LOOP('',(#2770,#2771,#2772,#2773));
#385=EDGE_LOOP('',(#2774,#2775,#2776,#2777));
#386=EDGE_LOOP('',(#2778,#2779,#2780,#2781));
#387=EDGE_LOOP('',(#2782,#2783,#2784,#2785));
#388=EDGE_LOOP('',(#2786,#2787,#2788,#2789));
#389=EDGE_LOOP('',(#2790,#2791,#2792,#2793));
#390=EDGE_LOOP('',(#2794,#2795,#2796,#2797));
#391=EDGE_LOOP('',(#2798,#2799,#2800,#2801));
#392=EDGE_LOOP('',(#2802,#2803,#2804,#2805));
#393=EDGE_LOOP('',(#2806,#2807,#2808,#2809));
#394=EDGE_LOOP('',(#2810,#2811,#2812,#2813));
#395=EDGE_LOOP('',(#2814,#2815,#2816,#2817));
#396=EDGE_LOOP('',(#2818,#2819,#2820,#2821));
#397=EDGE_LOOP('',(#2822,#2823,#2824,#2825));
#398=EDGE_LOOP('',(#2826,#2827,#2828,#2829));
#399=EDGE_LOOP('',(#2830,#2831,#2832,#2833));
#400=EDGE_LOOP('',(#2834,#2835,#2836,#2837));
#401=EDGE_LOOP('',(#2838,#2839,#2840,#2841));
#402=EDGE_LOOP('',(#2842,#2843,#2844,#2845));
#403=EDGE_LOOP('',(#2846,#2847,#2848,#2849));
#404=EDGE_LOOP('',(#2850,#2851,#2852,#2853));
#405=EDGE_LOOP('',(#2854,#2855,#2856,#2857));
#406=EDGE_LOOP('',(#2858,#2859,#2860,#2861));
#407=EDGE_LOOP('',(#2862,#2863,#2864,#2865));
#408=EDGE_LOOP('',(#2866,#2867,#2868,#2869));
#409=EDGE_LOOP('',(#2870,#2871,#2872,#2873));
#410=EDGE_LOOP('',(#2874,#2875,#2876,#2877));
#411=EDGE_LOOP('',(#2878,#2879,#2880,#2881));
#412=EDGE_LOOP('',(#2882,#2883,#2884,#2885));
#413=EDGE_LOOP('',(#2886,#2887,#2888,#2889));
#414=EDGE_LOOP('',(#2890,#2891,#2892,#2893));
#415=EDGE_LOOP('',(#2894,#2895,#2896,#2897));
#416=EDGE_LOOP('',(#2898,#2899,#2900,#2901));
#417=EDGE_LOOP('',(#2902,#2903,#2904,#2905));
#418=EDGE_LOOP('',(#2906,#2907,#2908,#2909));
#419=EDGE_LOOP('',(#2910,#2911,#2912,#2913));
#420=EDGE_LOOP('',(#2914,#2915,#2916,#2917));
#421=EDGE_LOOP('',(#2918,#2919,#2920,#2921));
#422=EDGE_LOOP('',(#2922,#2923,#2924,#2925));
#423=EDGE_LOOP('',(#2926,#2927,#2928,#2929));
#424=EDGE_LOOP('',(#2930,#2931,#2932,#2933));
#425=EDGE_LOOP('',(#2934,#2935,#2936,#2937));
#426=EDGE_LOOP('',(#2938,#2939,#2940,#2941));
#427=EDGE_LOOP('',(#2942,#2943,#2944,#2945));
#428=EDGE_LOOP('',(#2946,#2947,#2948,#2949));
#429=EDGE_LOOP('',(#2950,#2951,#2952,#2953));
#430=EDGE_LOOP('',(#2954,#2955,#2956,#2957));
#431=EDGE_LOOP('',(#2958,#2959,#2960,#2961));
#432=EDGE_LOOP('',(#2962,#2963,#2964,#2965));
#433=EDGE_LOOP('',(#2966,#2967,#2968,#2969));
#434=EDGE_LOOP('',(#2970,#2971,#2972,#2973));
#435=EDGE_LOOP('',(#2974,#2975,#2976,#2977));
#436=EDGE_LOOP('',(#2978,#2979,#2980,#2981));
#437=EDGE_LOOP('',(#2982,#2983,#2984,#2985));
#438=EDGE_LOOP('',(#2986,#2987,#2988,#2989));
#439=EDGE_LOOP('',(#2990,#2991,#2992,#2993));
#440=EDGE_LOOP('',(#2994,#2995,#2996,#2997));
#441=EDGE_LOOP('',(#2998,#2999,#3000,#3001));
#442=LINE('',#4655,#898);
#443=LINE('',#4657,#899);
#444=LINE('',#4659,#900);
#445=LINE('',#4660,#901);
#446=LINE('',#4664,#902);
#447=LINE('',#4665,#903);
#448=LINE('',#4666,#904);
#449=LINE('',#4669,#905);
#450=LINE('',#4671,#906);
#451=LINE('',#4672,#907);
#452=LINE('',#4676,#908);
#453=LINE('',#4678,#909);
#454=LINE('',#4680,#910);
#455=LINE('',#4682,#911);
#456=LINE('',#4684,#912);
#457=LINE('',#4686,#913);
#458=LINE('',#4688,#914);
#459=LINE('',#4690,#915);
#460=LINE('',#4692,#916);
#461=LINE('',#4694,#917);
#462=LINE('',#4696,#918);
#463=LINE('',#4698,#919);
#464=LINE('',#4700,#920);
#465=LINE('',#4702,#921);
#466=LINE('',#4704,#922);
#467=LINE('',#4706,#923);
#468=LINE('',#4708,#924);
#469=LINE('',#4710,#925);
#470=LINE('',#4712,#926);
#471=LINE('',#4714,#927);
#472=LINE('',#4716,#928);
#473=LINE('',#4718,#929);
#474=LINE('',#4720,#930);
#475=LINE('',#4722,#931);
#476=LINE('',#4724,#932);
#477=LINE('',#4726,#933);
#478=LINE('',#4728,#934);
#479=LINE('',#4729,#935);
#480=LINE('',#4730,#936);
#481=LINE('',#4733,#937);
#482=LINE('',#4735,#938);
#483=LINE('',#4737,#939);
#484=LINE('',#4738,#940);
#485=LINE('',#4741,#941);
#486=LINE('',#4743,#942);
#487=LINE('',#4745,#943);
#488=LINE('',#4746,#944);
#489=LINE('',#4749,#945);
#490=LINE('',#4751,#946);
#491=LINE('',#4753,#947);
#492=LINE('',#4754,#948);
#493=LINE('',#4757,#949);
#494=LINE('',#4759,#950);
#495=LINE('',#4761,#951);
#496=LINE('',#4762,#952);
#497=LINE('',#4765,#953);
#498=LINE('',#4767,#954);
#499=LINE('',#4769,#955);
#500=LINE('',#4770,#956);
#501=LINE('',#4773,#957);
#502=LINE('',#4775,#958);
#503=LINE('',#4777,#959);
#504=LINE('',#4778,#960);
#505=LINE('',#4781,#961);
#506=LINE('',#4783,#962);
#507=LINE('',#4785,#963);
#508=LINE('',#4786,#964);
#509=LINE('',#4789,#965);
#510=LINE('',#4791,#966);
#511=LINE('',#4793,#967);
#512=LINE('',#4794,#968);
#513=LINE('',#4797,#969);
#514=LINE('',#4799,#970);
#515=LINE('',#4801,#971);
#516=LINE('',#4802,#972);
#517=LINE('',#4806,#973);
#518=LINE('',#4807,#974);
#519=LINE('',#4809,#975);
#520=LINE('',#4811,#976);
#521=LINE('',#4813,#977);
#522=LINE('',#4815,#978);
#523=LINE('',#4817,#979);
#524=LINE('',#4819,#980);
#525=LINE('',#4821,#981);
#526=LINE('',#4823,#982);
#527=LINE('',#4825,#983);
#528=LINE('',#4827,#984);
#529=LINE('',#4829,#985);
#530=LINE('',#4831,#986);
#531=LINE('',#4833,#987);
#532=LINE('',#4835,#988);
#533=LINE('',#4837,#989);
#534=LINE('',#4839,#990);
#535=LINE('',#4841,#991);
#536=LINE('',#4843,#992);
#537=LINE('',#4845,#993);
#538=LINE('',#4847,#994);
#539=LINE('',#4849,#995);
#540=LINE('',#4851,#996);
#541=LINE('',#4853,#997);
#542=LINE('',#4855,#998);
#543=LINE('',#4857,#999);
#544=LINE('',#4859,#1000);
#545=LINE('',#4860,#1001);
#546=LINE('',#4863,#1002);
#547=LINE('',#4865,#1003);
#548=LINE('',#4867,#1004);
#549=LINE('',#4868,#1005);
#550=LINE('',#4871,#1006);
#551=LINE('',#4873,#1007);
#552=LINE('',#4875,#1008);
#553=LINE('',#4876,#1009);
#554=LINE('',#4879,#1010);
#555=LINE('',#4881,#1011);
#556=LINE('',#4883,#1012);
#557=LINE('',#4884,#1013);
#558=LINE('',#4887,#1014);
#559=LINE('',#4889,#1015);
#560=LINE('',#4891,#1016);
#561=LINE('',#4892,#1017);
#562=LINE('',#4895,#1018);
#563=LINE('',#4897,#1019);
#564=LINE('',#4899,#1020);
#565=LINE('',#4900,#1021);
#566=LINE('',#4903,#1022);
#567=LINE('',#4905,#1023);
#568=LINE('',#4907,#1024);
#569=LINE('',#4908,#1025);
#570=LINE('',#4911,#1026);
#571=LINE('',#4913,#1027);
#572=LINE('',#4915,#1028);
#573=LINE('',#4916,#1029);
#574=LINE('',#4919,#1030);
#575=LINE('',#4921,#1031);
#576=LINE('',#4923,#1032);
#577=LINE('',#4924,#1033);
#578=LINE('',#4927,#1034);
#579=LINE('',#4929,#1035);
#580=LINE('',#4931,#1036);
#581=LINE('',#4932,#1037);
#582=LINE('',#4934,#1038);
#583=LINE('',#4936,#1039);
#584=LINE('',#4938,#1040);
#585=LINE('',#4940,#1041);
#586=LINE('',#4942,#1042);
#587=LINE('',#4944,#1043);
#588=LINE('',#4946,#1044);
#589=LINE('',#4948,#1045);
#590=LINE('',#4950,#1046);
#591=LINE('',#4952,#1047);
#592=LINE('',#4954,#1048);
#593=LINE('',#4956,#1049);
#594=LINE('',#4958,#1050);
#595=LINE('',#4960,#1051);
#596=LINE('',#4962,#1052);
#597=LINE('',#4964,#1053);
#598=LINE('',#4966,#1054);
#599=LINE('',#4968,#1055);
#600=LINE('',#4970,#1056);
#601=LINE('',#4972,#1057);
#602=LINE('',#4974,#1058);
#603=LINE('',#4976,#1059);
#604=LINE('',#4978,#1060);
#605=LINE('',#4980,#1061);
#606=LINE('',#4982,#1062);
#607=LINE('',#4984,#1063);
#608=LINE('',#4986,#1064);
#609=LINE('',#4988,#1065);
#610=LINE('',#4992,#1066);
#611=LINE('',#4994,#1067);
#612=LINE('',#4995,#1068);
#613=LINE('',#4998,#1069);
#614=LINE('',#4999,#1070);
#615=LINE('',#5002,#1071);
#616=LINE('',#5003,#1072);
#617=LINE('',#5005,#1073);
#618=LINE('',#5008,#1074);
#619=LINE('',#5010,#1075);
#620=LINE('',#5011,#1076);
#621=LINE('',#5014,#1077);
#622=LINE('',#5015,#1078);
#623=LINE('',#5018,#1079);
#624=LINE('',#5019,#1080);
#625=LINE('',#5021,#1081);
#626=LINE('',#5024,#1082);
#627=LINE('',#5026,#1083);
#628=LINE('',#5027,#1084);
#629=LINE('',#5030,#1085);
#630=LINE('',#5031,#1086);
#631=LINE('',#5034,#1087);
#632=LINE('',#5035,#1088);
#633=LINE('',#5037,#1089);
#634=LINE('',#5040,#1090);
#635=LINE('',#5042,#1091);
#636=LINE('',#5043,#1092);
#637=LINE('',#5046,#1093);
#638=LINE('',#5047,#1094);
#639=LINE('',#5050,#1095);
#640=LINE('',#5051,#1096);
#641=LINE('',#5053,#1097);
#642=LINE('',#5056,#1098);
#643=LINE('',#5058,#1099);
#644=LINE('',#5059,#1100);
#645=LINE('',#5062,#1101);
#646=LINE('',#5063,#1102);
#647=LINE('',#5066,#1103);
#648=LINE('',#5067,#1104);
#649=LINE('',#5069,#1105);
#650=LINE('',#5072,#1106);
#651=LINE('',#5074,#1107);
#652=LINE('',#5075,#1108);
#653=LINE('',#5078,#1109);
#654=LINE('',#5079,#1110);
#655=LINE('',#5082,#1111);
#656=LINE('',#5083,#1112);
#657=LINE('',#5085,#1113);
#658=LINE('',#5088,#1114);
#659=LINE('',#5090,#1115);
#660=LINE('',#5091,#1116);
#661=LINE('',#5094,#1117);
#662=LINE('',#5095,#1118);
#663=LINE('',#5098,#1119);
#664=LINE('',#5099,#1120);
#665=LINE('',#5101,#1121);
#666=LINE('',#5104,#1122);
#667=LINE('',#5106,#1123);
#668=LINE('',#5107,#1124);
#669=LINE('',#5110,#1125);
#670=LINE('',#5111,#1126);
#671=LINE('',#5114,#1127);
#672=LINE('',#5115,#1128);
#673=LINE('',#5117,#1129);
#674=LINE('',#5120,#1130);
#675=LINE('',#5122,#1131);
#676=LINE('',#5123,#1132);
#677=LINE('',#5126,#1133);
#678=LINE('',#5127,#1134);
#679=LINE('',#5130,#1135);
#680=LINE('',#5131,#1136);
#681=LINE('',#5133,#1137);
#682=LINE('',#5136,#1138);
#683=LINE('',#5138,#1139);
#684=LINE('',#5139,#1140);
#685=LINE('',#5142,#1141);
#686=LINE('',#5143,#1142);
#687=LINE('',#5146,#1143);
#688=LINE('',#5147,#1144);
#689=LINE('',#5149,#1145);
#690=LINE('',#5152,#1146);
#691=LINE('',#5154,#1147);
#692=LINE('',#5155,#1148);
#693=LINE('',#5158,#1149);
#694=LINE('',#5159,#1150);
#695=LINE('',#5162,#1151);
#696=LINE('',#5163,#1152);
#697=LINE('',#5165,#1153);
#698=LINE('',#5168,#1154);
#699=LINE('',#5170,#1155);
#700=LINE('',#5171,#1156);
#701=LINE('',#5174,#1157);
#702=LINE('',#5175,#1158);
#703=LINE('',#5178,#1159);
#704=LINE('',#5179,#1160);
#705=LINE('',#5181,#1161);
#706=LINE('',#5184,#1162);
#707=LINE('',#5186,#1163);
#708=LINE('',#5187,#1164);
#709=LINE('',#5190,#1165);
#710=LINE('',#5191,#1166);
#711=LINE('',#5194,#1167);
#712=LINE('',#5195,#1168);
#713=LINE('',#5197,#1169);
#714=LINE('',#5200,#1170);
#715=LINE('',#5202,#1171);
#716=LINE('',#5203,#1172);
#717=LINE('',#5206,#1173);
#718=LINE('',#5207,#1174);
#719=LINE('',#5210,#1175);
#720=LINE('',#5211,#1176);
#721=LINE('',#5213,#1177);
#722=LINE('',#5216,#1178);
#723=LINE('',#5218,#1179);
#724=LINE('',#5219,#1180);
#725=LINE('',#5222,#1181);
#726=LINE('',#5223,#1182);
#727=LINE('',#5226,#1183);
#728=LINE('',#5227,#1184);
#729=LINE('',#5229,#1185);
#730=LINE('',#5232,#1186);
#731=LINE('',#5234,#1187);
#732=LINE('',#5235,#1188);
#733=LINE('',#5238,#1189);
#734=LINE('',#5239,#1190);
#735=LINE('',#5242,#1191);
#736=LINE('',#5243,#1192);
#737=LINE('',#5245,#1193);
#738=LINE('',#5248,#1194);
#739=LINE('',#5250,#1195);
#740=LINE('',#5251,#1196);
#741=LINE('',#5254,#1197);
#742=LINE('',#5255,#1198);
#743=LINE('',#5258,#1199);
#744=LINE('',#5259,#1200);
#745=LINE('',#5261,#1201);
#746=LINE('',#5264,#1202);
#747=LINE('',#5266,#1203);
#748=LINE('',#5267,#1204);
#749=LINE('',#5270,#1205);
#750=LINE('',#5271,#1206);
#751=LINE('',#5274,#1207);
#752=LINE('',#5275,#1208);
#753=LINE('',#5277,#1209);
#754=LINE('',#5280,#1210);
#755=LINE('',#5282,#1211);
#756=LINE('',#5283,#1212);
#757=LINE('',#5286,#1213);
#758=LINE('',#5287,#1214);
#759=LINE('',#5290,#1215);
#760=LINE('',#5291,#1216);
#761=LINE('',#5293,#1217);
#762=LINE('',#5296,#1218);
#763=LINE('',#5298,#1219);
#764=LINE('',#5299,#1220);
#765=LINE('',#5302,#1221);
#766=LINE('',#5303,#1222);
#767=LINE('',#5306,#1223);
#768=LINE('',#5307,#1224);
#769=LINE('',#5309,#1225);
#770=LINE('',#5312,#1226);
#771=LINE('',#5314,#1227);
#772=LINE('',#5315,#1228);
#773=LINE('',#5318,#1229);
#774=LINE('',#5319,#1230);
#775=LINE('',#5322,#1231);
#776=LINE('',#5323,#1232);
#777=LINE('',#5325,#1233);
#778=LINE('',#5328,#1234);
#779=LINE('',#5330,#1235);
#780=LINE('',#5331,#1236);
#781=LINE('',#5334,#1237);
#782=LINE('',#5335,#1238);
#783=LINE('',#5338,#1239);
#784=LINE('',#5339,#1240);
#785=LINE('',#5341,#1241);
#786=LINE('',#5344,#1242);
#787=LINE('',#5346,#1243);
#788=LINE('',#5347,#1244);
#789=LINE('',#5350,#1245);
#790=LINE('',#5351,#1246);
#791=LINE('',#5354,#1247);
#792=LINE('',#5355,#1248);
#793=LINE('',#5357,#1249);
#794=LINE('',#5360,#1250);
#795=LINE('',#5362,#1251);
#796=LINE('',#5363,#1252);
#797=LINE('',#5366,#1253);
#798=LINE('',#5367,#1254);
#799=LINE('',#5370,#1255);
#800=LINE('',#5371,#1256);
#801=LINE('',#5373,#1257);
#802=LINE('',#5376,#1258);
#803=LINE('',#5378,#1259);
#804=LINE('',#5379,#1260);
#805=LINE('',#5382,#1261);
#806=LINE('',#5383,#1262);
#807=LINE('',#5386,#1263);
#808=LINE('',#5387,#1264);
#809=LINE('',#5389,#1265);
#810=LINE('',#5392,#1266);
#811=LINE('',#5394,#1267);
#812=LINE('',#5395,#1268);
#813=LINE('',#5398,#1269);
#814=LINE('',#5399,#1270);
#815=LINE('',#5402,#1271);
#816=LINE('',#5403,#1272);
#817=LINE('',#5405,#1273);
#818=LINE('',#5408,#1274);
#819=LINE('',#5410,#1275);
#820=LINE('',#5411,#1276);
#821=LINE('',#5414,#1277);
#822=LINE('',#5415,#1278);
#823=LINE('',#5418,#1279);
#824=LINE('',#5419,#1280);
#825=LINE('',#5421,#1281);
#826=LINE('',#5424,#1282);
#827=LINE('',#5426,#1283);
#828=LINE('',#5427,#1284);
#829=LINE('',#5430,#1285);
#830=LINE('',#5431,#1286);
#831=LINE('',#5434,#1287);
#832=LINE('',#5435,#1288);
#833=LINE('',#5437,#1289);
#834=LINE('',#5440,#1290);
#835=LINE('',#5442,#1291);
#836=LINE('',#5443,#1292);
#837=LINE('',#5446,#1293);
#838=LINE('',#5447,#1294);
#839=LINE('',#5450,#1295);
#840=LINE('',#5451,#1296);
#841=LINE('',#5453,#1297);
#842=LINE('',#5456,#1298);
#843=LINE('',#5458,#1299);
#844=LINE('',#5459,#1300);
#845=LINE('',#5462,#1301);
#846=LINE('',#5463,#1302);
#847=LINE('',#5466,#1303);
#848=LINE('',#5467,#1304);
#849=LINE('',#5469,#1305);
#850=LINE('',#5472,#1306);
#851=LINE('',#5474,#1307);
#852=LINE('',#5475,#1308);
#853=LINE('',#5478,#1309);
#854=LINE('',#5479,#1310);
#855=LINE('',#5482,#1311);
#856=LINE('',#5483,#1312);
#857=LINE('',#5485,#1313);
#858=LINE('',#5488,#1314);
#859=LINE('',#5490,#1315);
#860=LINE('',#5491,#1316);
#861=LINE('',#5494,#1317);
#862=LINE('',#5495,#1318);
#863=LINE('',#5498,#1319);
#864=LINE('',#5499,#1320);
#865=LINE('',#5501,#1321);
#866=LINE('',#5504,#1322);
#867=LINE('',#5506,#1323);
#868=LINE('',#5507,#1324);
#869=LINE('',#5510,#1325);
#870=LINE('',#5511,#1326);
#871=LINE('',#5514,#1327);
#872=LINE('',#5515,#1328);
#873=LINE('',#5517,#1329);
#874=LINE('',#5520,#1330);
#875=LINE('',#5522,#1331);
#876=LINE('',#5523,#1332);
#877=LINE('',#5526,#1333);
#878=LINE('',#5527,#1334);
#879=LINE('',#5530,#1335);
#880=LINE('',#5531,#1336);
#881=LINE('',#5533,#1337);
#882=LINE('',#5536,#1338);
#883=LINE('',#5538,#1339);
#884=LINE('',#5539,#1340);
#885=LINE('',#5542,#1341);
#886=LINE('',#5543,#1342);
#887=LINE('',#5546,#1343);
#888=LINE('',#5547,#1344);
#889=LINE('',#5549,#1345);
#890=LINE('',#5552,#1346);
#891=LINE('',#5554,#1347);
#892=LINE('',#5555,#1348);
#893=LINE('',#5558,#1349);
#894=LINE('',#5559,#1350);
#895=LINE('',#5562,#1351);
#896=LINE('',#5563,#1352);
#897=LINE('',#5565,#1353);
#898=VECTOR('',#3805,1.);
#899=VECTOR('',#3806,1.00000000000064);
#900=VECTOR('',#3807,1.);
#901=VECTOR('',#3808,1.00000000000064);
#902=VECTOR('',#3811,1.);
#903=VECTOR('',#3812,1.);
#904=VECTOR('',#3813,1.);
#905=VECTOR('',#3816,1.);
#906=VECTOR('',#3817,1.);
#907=VECTOR('',#3818,1.);
#908=VECTOR('',#3821,1.);
#909=VECTOR('',#3822,1.00000000000064);
#910=VECTOR('',#3823,1.00000000000064);
#911=VECTOR('',#3824,1.);
#912=VECTOR('',#3825,1.00000000000064);
#913=VECTOR('',#3826,1.00000000000064);
#914=VECTOR('',#3827,1.);
#915=VECTOR('',#3828,1.00000000000064);
#916=VECTOR('',#3829,1.00000000000064);
#917=VECTOR('',#3830,1.);
#918=VECTOR('',#3831,1.00000000000064);
#919=VECTOR('',#3832,1.00000000000064);
#920=VECTOR('',#3833,1.);
#921=VECTOR('',#3834,1.00000000000064);
#922=VECTOR('',#3835,1.);
#923=VECTOR('',#3836,1.00000000000064);
#924=VECTOR('',#3837,1.);
#925=VECTOR('',#3838,1.00000000000064);
#926=VECTOR('',#3839,1.00000000000064);
#927=VECTOR('',#3840,1.);
#928=VECTOR('',#3841,1.00000000000064);
#929=VECTOR('',#3842,1.00000000000064);
#930=VECTOR('',#3843,1.);
#931=VECTOR('',#3844,1.00000000000064);
#932=VECTOR('',#3845,1.00000000000064);
#933=VECTOR('',#3846,1.);
#934=VECTOR('',#3847,1.00000000000064);
#935=VECTOR('',#3848,1.00000000000064);
#936=VECTOR('',#3849,1.00000000000064);
#937=VECTOR('',#3850,1.);
#938=VECTOR('',#3851,1.);
#939=VECTOR('',#3852,1.);
#940=VECTOR('',#3853,1.);
#941=VECTOR('',#3854,1.);
#942=VECTOR('',#3855,1.);
#943=VECTOR('',#3856,1.);
#944=VECTOR('',#3857,1.);
#945=VECTOR('',#3858,1.);
#946=VECTOR('',#3859,1.);
#947=VECTOR('',#3860,1.);
#948=VECTOR('',#3861,1.);
#949=VECTOR('',#3862,1.);
#950=VECTOR('',#3863,1.);
#951=VECTOR('',#3864,1.);
#952=VECTOR('',#3865,1.);
#953=VECTOR('',#3866,1.);
#954=VECTOR('',#3867,1.);
#955=VECTOR('',#3868,1.);
#956=VECTOR('',#3869,1.);
#957=VECTOR('',#3870,1.);
#958=VECTOR('',#3871,1.);
#959=VECTOR('',#3872,1.);
#960=VECTOR('',#3873,1.);
#961=VECTOR('',#3874,1.);
#962=VECTOR('',#3875,1.);
#963=VECTOR('',#3876,1.);
#964=VECTOR('',#3877,1.);
#965=VECTOR('',#3878,1.);
#966=VECTOR('',#3879,1.);
#967=VECTOR('',#3880,1.);
#968=VECTOR('',#3881,1.);
#969=VECTOR('',#3882,1.);
#970=VECTOR('',#3883,1.);
#971=VECTOR('',#3884,1.);
#972=VECTOR('',#3885,1.);
#973=VECTOR('',#3888,1.);
#974=VECTOR('',#3889,1.00000000000064);
#975=VECTOR('',#3890,1.00000000000064);
#976=VECTOR('',#3891,1.00000000000064);
#977=VECTOR('',#3892,1.);
#978=VECTOR('',#3893,1.00000000000064);
#979=VECTOR('',#3894,1.00000000000064);
#980=VECTOR('',#3895,1.);
#981=VECTOR('',#3896,1.00000000000064);
#982=VECTOR('',#3897,1.00000000000064);
#983=VECTOR('',#3898,1.);
#984=VECTOR('',#3899,1.00000000000064);
#985=VECTOR('',#3900,1.00000000000064);
#986=VECTOR('',#3901,1.);
#987=VECTOR('',#3902,1.00000000000064);
#988=VECTOR('',#3903,1.);
#989=VECTOR('',#3904,1.00000000000064);
#990=VECTOR('',#3905,1.);
#991=VECTOR('',#3906,1.00000000000064);
#992=VECTOR('',#3907,1.00000000000064);
#993=VECTOR('',#3908,1.);
#994=VECTOR('',#3909,1.00000000000064);
#995=VECTOR('',#3910,1.00000000000064);
#996=VECTOR('',#3911,1.);
#997=VECTOR('',#3912,1.00000000000064);
#998=VECTOR('',#3913,1.00000000000064);
#999=VECTOR('',#3914,1.);
#1000=VECTOR('',#3915,1.00000000000064);
#1001=VECTOR('',#3916,1.00000000000064);
#1002=VECTOR('',#3917,1.);
#1003=VECTOR('',#3918,1.);
#1004=VECTOR('',#3919,1.);
#1005=VECTOR('',#3920,1.);
#1006=VECTOR('',#3921,1.);
#1007=VECTOR('',#3922,1.);
#1008=VECTOR('',#3923,1.);
#1009=VECTOR('',#3924,1.);
#1010=VECTOR('',#3925,1.);
#1011=VECTOR('',#3926,1.);
#1012=VECTOR('',#3927,1.);
#1013=VECTOR('',#3928,1.);
#1014=VECTOR('',#3929,1.);
#1015=VECTOR('',#3930,1.);
#1016=VECTOR('',#3931,1.);
#1017=VECTOR('',#3932,1.);
#1018=VECTOR('',#3933,1.);
#1019=VECTOR('',#3934,1.);
#1020=VECTOR('',#3935,1.);
#1021=VECTOR('',#3936,1.);
#1022=VECTOR('',#3937,1.);
#1023=VECTOR('',#3938,1.);
#1024=VECTOR('',#3939,1.);
#1025=VECTOR('',#3940,1.);
#1026=VECTOR('',#3941,1.);
#1027=VECTOR('',#3942,1.);
#1028=VECTOR('',#3943,1.);
#1029=VECTOR('',#3944,1.);
#1030=VECTOR('',#3945,1.);
#1031=VECTOR('',#3946,1.);
#1032=VECTOR('',#3947,1.);
#1033=VECTOR('',#3948,1.);
#1034=VECTOR('',#3949,1.);
#1035=VECTOR('',#3950,1.);
#1036=VECTOR('',#3951,1.);
#1037=VECTOR('',#3952,1.);
#1038=VECTOR('',#3955,1.);
#1039=VECTOR('',#3958,1.);
#1040=VECTOR('',#3961,1.);
#1041=VECTOR('',#3964,1.);
#1042=VECTOR('',#3967,1.);
#1043=VECTOR('',#3970,1.);
#1044=VECTOR('',#3973,1.);
#1045=VECTOR('',#3976,1.);
#1046=VECTOR('',#3979,1.);
#1047=VECTOR('',#3982,1.);
#1048=VECTOR('',#3985,1.);
#1049=VECTOR('',#3988,1.);
#1050=VECTOR('',#3991,1.);
#1051=VECTOR('',#3994,1.);
#1052=VECTOR('',#3997,1.);
#1053=VECTOR('',#4000,1.);
#1054=VECTOR('',#4003,1.);
#1055=VECTOR('',#4006,1.);
#1056=VECTOR('',#4009,1.);
#1057=VECTOR('',#4012,1.);
#1058=VECTOR('',#4015,1.);
#1059=VECTOR('',#4018,1.);
#1060=VECTOR('',#4021,1.);
#1061=VECTOR('',#4024,1.);
#1062=VECTOR('',#4027,1.);
#1063=VECTOR('',#4030,1.);
#1064=VECTOR('',#4033,1.);
#1065=VECTOR('',#4036,1.);
#1066=VECTOR('',#4041,1.);
#1067=VECTOR('',#4042,1.);
#1068=VECTOR('',#4043,1.);
#1069=VECTOR('',#4046,1.);
#1070=VECTOR('',#4047,1.);
#1071=VECTOR('',#4050,1.);
#1072=VECTOR('',#4051,1.);
#1073=VECTOR('',#4054,1.);
#1074=VECTOR('',#4057,1.);
#1075=VECTOR('',#4058,1.);
#1076=VECTOR('',#4059,1.);
#1077=VECTOR('',#4062,1.);
#1078=VECTOR('',#4063,1.);
#1079=VECTOR('',#4066,1.);
#1080=VECTOR('',#4067,1.);
#1081=VECTOR('',#4070,1.);
#1082=VECTOR('',#4073,1.);
#1083=VECTOR('',#4074,1.);
#1084=VECTOR('',#4075,1.);
#1085=VECTOR('',#4078,1.);
#1086=VECTOR('',#4079,1.);
#1087=VECTOR('',#4082,1.);
#1088=VECTOR('',#4083,1.);
#1089=VECTOR('',#4086,1.);
#1090=VECTOR('',#4089,1.);
#1091=VECTOR('',#4090,1.);
#1092=VECTOR('',#4091,1.);
#1093=VECTOR('',#4094,1.);
#1094=VECTOR('',#4095,1.);
#1095=VECTOR('',#4098,1.);
#1096=VECTOR('',#4099,1.);
#1097=VECTOR('',#4102,1.);
#1098=VECTOR('',#4105,1.);
#1099=VECTOR('',#4106,1.);
#1100=VECTOR('',#4107,1.);
#1101=VECTOR('',#4110,1.);
#1102=VECTOR('',#4111,1.);
#1103=VECTOR('',#4114,1.);
#1104=VECTOR('',#4115,1.);
#1105=VECTOR('',#4118,1.);
#1106=VECTOR('',#4121,1.);
#1107=VECTOR('',#4122,1.);
#1108=VECTOR('',#4123,1.);
#1109=VECTOR('',#4126,1.);
#1110=VECTOR('',#4127,1.);
#1111=VECTOR('',#4130,1.);
#1112=VECTOR('',#4131,1.);
#1113=VECTOR('',#4134,1.);
#1114=VECTOR('',#4137,1.);
#1115=VECTOR('',#4138,1.);
#1116=VECTOR('',#4139,1.);
#1117=VECTOR('',#4142,1.);
#1118=VECTOR('',#4143,1.);
#1119=VECTOR('',#4146,1.);
#1120=VECTOR('',#4147,1.);
#1121=VECTOR('',#4150,1.);
#1122=VECTOR('',#4153,1.);
#1123=VECTOR('',#4154,1.);
#1124=VECTOR('',#4155,1.);
#1125=VECTOR('',#4158,1.);
#1126=VECTOR('',#4159,1.);
#1127=VECTOR('',#4162,1.);
#1128=VECTOR('',#4163,1.);
#1129=VECTOR('',#4166,1.);
#1130=VECTOR('',#4169,1.);
#1131=VECTOR('',#4170,1.);
#1132=VECTOR('',#4171,1.);
#1133=VECTOR('',#4174,1.);
#1134=VECTOR('',#4175,1.);
#1135=VECTOR('',#4178,1.);
#1136=VECTOR('',#4179,1.);
#1137=VECTOR('',#4182,1.);
#1138=VECTOR('',#4185,1.);
#1139=VECTOR('',#4186,1.);
#1140=VECTOR('',#4187,1.);
#1141=VECTOR('',#4190,1.);
#1142=VECTOR('',#4191,1.);
#1143=VECTOR('',#4194,1.);
#1144=VECTOR('',#4195,1.);
#1145=VECTOR('',#4198,1.);
#1146=VECTOR('',#4201,1.);
#1147=VECTOR('',#4202,1.);
#1148=VECTOR('',#4203,1.);
#1149=VECTOR('',#4206,1.);
#1150=VECTOR('',#4207,1.);
#1151=VECTOR('',#4210,1.);
#1152=VECTOR('',#4211,1.);
#1153=VECTOR('',#4214,1.);
#1154=VECTOR('',#4217,1.);
#1155=VECTOR('',#4218,1.);
#1156=VECTOR('',#4219,1.);
#1157=VECTOR('',#4222,1.);
#1158=VECTOR('',#4223,1.);
#1159=VECTOR('',#4226,1.);
#1160=VECTOR('',#4227,1.);
#1161=VECTOR('',#4230,1.);
#1162=VECTOR('',#4233,1.);
#1163=VECTOR('',#4234,1.);
#1164=VECTOR('',#4235,1.);
#1165=VECTOR('',#4238,1.);
#1166=VECTOR('',#4239,1.);
#1167=VECTOR('',#4242,1.);
#1168=VECTOR('',#4243,1.);
#1169=VECTOR('',#4246,1.);
#1170=VECTOR('',#4249,1.);
#1171=VECTOR('',#4250,1.);
#1172=VECTOR('',#4251,1.);
#1173=VECTOR('',#4254,1.);
#1174=VECTOR('',#4255,1.);
#1175=VECTOR('',#4258,1.);
#1176=VECTOR('',#4259,1.);
#1177=VECTOR('',#4262,1.);
#1178=VECTOR('',#4265,1.);
#1179=VECTOR('',#4266,1.);
#1180=VECTOR('',#4267,1.);
#1181=VECTOR('',#4270,1.);
#1182=VECTOR('',#4271,1.);
#1183=VECTOR('',#4274,1.);
#1184=VECTOR('',#4275,1.);
#1185=VECTOR('',#4278,1.);
#1186=VECTOR('',#4281,1.);
#1187=VECTOR('',#4282,1.);
#1188=VECTOR('',#4283,1.);
#1189=VECTOR('',#4286,1.);
#1190=VECTOR('',#4287,1.);
#1191=VECTOR('',#4290,1.);
#1192=VECTOR('',#4291,1.);
#1193=VECTOR('',#4294,1.);
#1194=VECTOR('',#4297,1.);
#1195=VECTOR('',#4298,1.);
#1196=VECTOR('',#4299,1.);
#1197=VECTOR('',#4302,1.);
#1198=VECTOR('',#4303,1.);
#1199=VECTOR('',#4306,1.);
#1200=VECTOR('',#4307,1.);
#1201=VECTOR('',#4310,1.);
#1202=VECTOR('',#4313,1.);
#1203=VECTOR('',#4314,1.);
#1204=VECTOR('',#4315,1.);
#1205=VECTOR('',#4318,1.);
#1206=VECTOR('',#4319,1.);
#1207=VECTOR('',#4322,1.);
#1208=VECTOR('',#4323,1.);
#1209=VECTOR('',#4326,1.);
#1210=VECTOR('',#4329,1.00000000000065);
#1211=VECTOR('',#4330,1.);
#1212=VECTOR('',#4331,1.00000000000065);
#1213=VECTOR('',#4334,1.);
#1214=VECTOR('',#4335,1.00000000000065);
#1215=VECTOR('',#4338,1.00000000000065);
#1216=VECTOR('',#4339,1.);
#1217=VECTOR('',#4342,1.);
#1218=VECTOR('',#4345,1.00000000000065);
#1219=VECTOR('',#4346,1.);
#1220=VECTOR('',#4347,1.00000000000065);
#1221=VECTOR('',#4350,1.00000000000065);
#1222=VECTOR('',#4351,1.);
#1223=VECTOR('',#4354,1.00000000000065);
#1224=VECTOR('',#4355,1.);
#1225=VECTOR('',#4358,1.);
#1226=VECTOR('',#4361,1.00000000000065);
#1227=VECTOR('',#4362,1.00000000000065);
#1228=VECTOR('',#4363,1.);
#1229=VECTOR('',#4366,1.00000000000065);
#1230=VECTOR('',#4367,1.);
#1231=VECTOR('',#4370,1.);
#1232=VECTOR('',#4371,1.00000000000065);
#1233=VECTOR('',#4374,1.);
#1234=VECTOR('',#4377,1.00000000000065);
#1235=VECTOR('',#4378,1.);
#1236=VECTOR('',#4379,1.00000000000065);
#1237=VECTOR('',#4382,1.);
#1238=VECTOR('',#4383,1.00000000000065);
#1239=VECTOR('',#4386,1.00000000000065);
#1240=VECTOR('',#4387,1.);
#1241=VECTOR('',#4390,1.);
#1242=VECTOR('',#4393,1.00000000000065);
#1243=VECTOR('',#4394,1.);
#1244=VECTOR('',#4395,1.00000000000065);
#1245=VECTOR('',#4398,1.);
#1246=VECTOR('',#4399,1.00000000000065);
#1247=VECTOR('',#4402,1.00000000000065);
#1248=VECTOR('',#4403,1.);
#1249=VECTOR('',#4406,1.);
#1250=VECTOR('',#4409,1.00000000000065);
#1251=VECTOR('',#4410,1.);
#1252=VECTOR('',#4411,1.00000000000065);
#1253=VECTOR('',#4414,1.);
#1254=VECTOR('',#4415,1.00000000000065);
#1255=VECTOR('',#4418,1.00000000000065);
#1256=VECTOR('',#4419,1.);
#1257=VECTOR('',#4422,1.);
#1258=VECTOR('',#4425,1.00000000000065);
#1259=VECTOR('',#4426,1.00000000000065);
#1260=VECTOR('',#4427,1.);
#1261=VECTOR('',#4430,1.00000000000065);
#1262=VECTOR('',#4431,1.);
#1263=VECTOR('',#4434,1.);
#1264=VECTOR('',#4435,1.00000000000065);
#1265=VECTOR('',#4438,1.);
#1266=VECTOR('',#4441,1.00000000000065);
#1267=VECTOR('',#4442,1.00000000000065);
#1268=VECTOR('',#4443,1.);
#1269=VECTOR('',#4446,1.00000000000065);
#1270=VECTOR('',#4447,1.);
#1271=VECTOR('',#4450,1.);
#1272=VECTOR('',#4451,1.00000000000065);
#1273=VECTOR('',#4454,1.);
#1274=VECTOR('',#4457,1.00000000000065);
#1275=VECTOR('',#4458,1.00000000000065);
#1276=VECTOR('',#4459,1.);
#1277=VECTOR('',#4462,1.00000000000065);
#1278=VECTOR('',#4463,1.);
#1279=VECTOR('',#4466,1.);
#1280=VECTOR('',#4467,1.00000000000065);
#1281=VECTOR('',#4470,1.);
#1282=VECTOR('',#4473,1.00000000000065);
#1283=VECTOR('',#4474,1.00000000000065);
#1284=VECTOR('',#4475,1.);
#1285=VECTOR('',#4478,1.00000000000065);
#1286=VECTOR('',#4479,1.);
#1287=VECTOR('',#4482,1.00000000000065);
#1288=VECTOR('',#4483,1.);
#1289=VECTOR('',#4486,1.);
#1290=VECTOR('',#4489,1.00000000000065);
#1291=VECTOR('',#4490,1.00000000000065);
#1292=VECTOR('',#4491,1.);
#1293=VECTOR('',#4494,1.00000000000065);
#1294=VECTOR('',#4495,1.);
#1295=VECTOR('',#4498,1.00000000000065);
#1296=VECTOR('',#4499,1.);
#1297=VECTOR('',#4502,1.);
#1298=VECTOR('',#4505,1.00000000000065);
#1299=VECTOR('',#4506,1.);
#1300=VECTOR('',#4507,1.00000000000065);
#1301=VECTOR('',#4510,1.00000000000065);
#1302=VECTOR('',#4511,1.);
#1303=VECTOR('',#4514,1.00000000000065);
#1304=VECTOR('',#4515,1.);
#1305=VECTOR('',#4518,1.);
#1306=VECTOR('',#4521,1.00000000000065);
#1307=VECTOR('',#4522,1.00000000000065);
#1308=VECTOR('',#4523,1.);
#1309=VECTOR('',#4526,1.00000000000065);
#1310=VECTOR('',#4527,1.);
#1311=VECTOR('',#4530,1.00000000000065);
#1312=VECTOR('',#4531,1.);
#1313=VECTOR('',#4534,1.);
#1314=VECTOR('',#4537,1.00000000000065);
#1315=VECTOR('',#4538,1.00000000000065);
#1316=VECTOR('',#4539,1.);
#1317=VECTOR('',#4542,1.00000000000065);
#1318=VECTOR('',#4543,1.);
#1319=VECTOR('',#4546,1.00000000000065);
#1320=VECTOR('',#4547,1.);
#1321=VECTOR('',#4550,1.);
#1322=VECTOR('',#4553,1.00000000000065);
#1323=VECTOR('',#4554,1.00000000000065);
#1324=VECTOR('',#4555,1.);
#1325=VECTOR('',#4558,1.00000000000065);
#1326=VECTOR('',#4559,1.);
#1327=VECTOR('',#4562,1.00000000000065);
#1328=VECTOR('',#4563,1.);
#1329=VECTOR('',#4566,1.);
#1330=VECTOR('',#4569,1.00000000000065);
#1331=VECTOR('',#4570,1.);
#1332=VECTOR('',#4571,1.00000000000065);
#1333=VECTOR('',#4574,1.00000000000065);
#1334=VECTOR('',#4575,1.);
#1335=VECTOR('',#4578,1.00000000000065);
#1336=VECTOR('',#4579,1.);
#1337=VECTOR('',#4582,1.);
#1338=VECTOR('',#4585,1.00000000000065);
#1339=VECTOR('',#4586,1.);
#1340=VECTOR('',#4587,1.00000000000065);
#1341=VECTOR('',#4590,1.00000000000065);
#1342=VECTOR('',#4591,1.);
#1343=VECTOR('',#4594,1.00000000000065);
#1344=VECTOR('',#4595,1.);
#1345=VECTOR('',#4598,1.);
#1346=VECTOR('',#4601,1.00000000000065);
#1347=VECTOR('',#4602,1.);
#1348=VECTOR('',#4603,1.00000000000065);
#1349=VECTOR('',#4606,1.00000000000065);
#1350=VECTOR('',#4607,1.);
#1351=VECTOR('',#4610,1.00000000000065);
#1352=VECTOR('',#4611,1.);
#1353=VECTOR('',#4614,1.);
#1354=VERTEX_POINT('',#4653);
#1355=VERTEX_POINT('',#4654);
#1356=VERTEX_POINT('',#4656);
#1357=VERTEX_POINT('',#4658);
#1358=VERTEX_POINT('',#4662);
#1359=VERTEX_POINT('',#4663);
#1360=VERTEX_POINT('',#4668);
#1361=VERTEX_POINT('',#4670);
#1362=VERTEX_POINT('',#4674);
#1363=VERTEX_POINT('',#4675);
#1364=VERTEX_POINT('',#4677);
#1365=VERTEX_POINT('',#4679);
#1366=VERTEX_POINT('',#4681);
#1367=VERTEX_POINT('',#4683);
#1368=VERTEX_POINT('',#4685);
#1369=VERTEX_POINT('',#4687);
#1370=VERTEX_POINT('',#4689);
#1371=VERTEX_POINT('',#4691);
#1372=VERTEX_POINT('',#4693);
#1373=VERTEX_POINT('',#4695);
#1374=VERTEX_POINT('',#4697);
#1375=VERTEX_POINT('',#4699);
#1376=VERTEX_POINT('',#4701);
#1377=VERTEX_POINT('',#4703);
#1378=VERTEX_POINT('',#4705);
#1379=VERTEX_POINT('',#4707);
#1380=VERTEX_POINT('',#4709);
#1381=VERTEX_POINT('',#4711);
#1382=VERTEX_POINT('',#4713);
#1383=VERTEX_POINT('',#4715);
#1384=VERTEX_POINT('',#4717);
#1385=VERTEX_POINT('',#4719);
#1386=VERTEX_POINT('',#4721);
#1387=VERTEX_POINT('',#4723);
#1388=VERTEX_POINT('',#4725);
#1389=VERTEX_POINT('',#4727);
#1390=VERTEX_POINT('',#4731);
#1391=VERTEX_POINT('',#4732);
#1392=VERTEX_POINT('',#4734);
#1393=VERTEX_POINT('',#4736);
#1394=VERTEX_POINT('',#4739);
#1395=VERTEX_POINT('',#4740);
#1396=VERTEX_POINT('',#4742);
#1397=VERTEX_POINT('',#4744);
#1398=VERTEX_POINT('',#4747);
#1399=VERTEX_POINT('',#4748);
#1400=VERTEX_POINT('',#4750);
#1401=VERTEX_POINT('',#4752);
#1402=VERTEX_POINT('',#4755);
#1403=VERTEX_POINT('',#4756);
#1404=VERTEX_POINT('',#4758);
#1405=VERTEX_POINT('',#4760);
#1406=VERTEX_POINT('',#4763);
#1407=VERTEX_POINT('',#4764);
#1408=VERTEX_POINT('',#4766);
#1409=VERTEX_POINT('',#4768);
#1410=VERTEX_POINT('',#4771);
#1411=VERTEX_POINT('',#4772);
#1412=VERTEX_POINT('',#4774);
#1413=VERTEX_POINT('',#4776);
#1414=VERTEX_POINT('',#4779);
#1415=VERTEX_POINT('',#4780);
#1416=VERTEX_POINT('',#4782);
#1417=VERTEX_POINT('',#4784);
#1418=VERTEX_POINT('',#4787);
#1419=VERTEX_POINT('',#4788);
#1420=VERTEX_POINT('',#4790);
#1421=VERTEX_POINT('',#4792);
#1422=VERTEX_POINT('',#4795);
#1423=VERTEX_POINT('',#4796);
#1424=VERTEX_POINT('',#4798);
#1425=VERTEX_POINT('',#4800);
#1426=VERTEX_POINT('',#4804);
#1427=VERTEX_POINT('',#4805);
#1428=VERTEX_POINT('',#4808);
#1429=VERTEX_POINT('',#4810);
#1430=VERTEX_POINT('',#4812);
#1431=VERTEX_POINT('',#4814);
#1432=VERTEX_POINT('',#4816);
#1433=VERTEX_POINT('',#4818);
#1434=VERTEX_POINT('',#4820);
#1435=VERTEX_POINT('',#4822);
#1436=VERTEX_POINT('',#4824);
#1437=VERTEX_POINT('',#4826);
#1438=VERTEX_POINT('',#4828);
#1439=VERTEX_POINT('',#4830);
#1440=VERTEX_POINT('',#4832);
#1441=VERTEX_POINT('',#4834);
#1442=VERTEX_POINT('',#4836);
#1443=VERTEX_POINT('',#4838);
#1444=VERTEX_POINT('',#4840);
#1445=VERTEX_POINT('',#4842);
#1446=VERTEX_POINT('',#4844);
#1447=VERTEX_POINT('',#4846);
#1448=VERTEX_POINT('',#4848);
#1449=VERTEX_POINT('',#4850);
#1450=VERTEX_POINT('',#4852);
#1451=VERTEX_POINT('',#4854);
#1452=VERTEX_POINT('',#4856);
#1453=VERTEX_POINT('',#4858);
#1454=VERTEX_POINT('',#4861);
#1455=VERTEX_POINT('',#4862);
#1456=VERTEX_POINT('',#4864);
#1457=VERTEX_POINT('',#4866);
#1458=VERTEX_POINT('',#4869);
#1459=VERTEX_POINT('',#4870);
#1460=VERTEX_POINT('',#4872);
#1461=VERTEX_POINT('',#4874);
#1462=VERTEX_POINT('',#4877);
#1463=VERTEX_POINT('',#4878);
#1464=VERTEX_POINT('',#4880);
#1465=VERTEX_POINT('',#4882);
#1466=VERTEX_POINT('',#4885);
#1467=VERTEX_POINT('',#4886);
#1468=VERTEX_POINT('',#4888);
#1469=VERTEX_POINT('',#4890);
#1470=VERTEX_POINT('',#4893);
#1471=VERTEX_POINT('',#4894);
#1472=VERTEX_POINT('',#4896);
#1473=VERTEX_POINT('',#4898);
#1474=VERTEX_POINT('',#4901);
#1475=VERTEX_POINT('',#4902);
#1476=VERTEX_POINT('',#4904);
#1477=VERTEX_POINT('',#4906);
#1478=VERTEX_POINT('',#4909);
#1479=VERTEX_POINT('',#4910);
#1480=VERTEX_POINT('',#4912);
#1481=VERTEX_POINT('',#4914);
#1482=VERTEX_POINT('',#4917);
#1483=VERTEX_POINT('',#4918);
#1484=VERTEX_POINT('',#4920);
#1485=VERTEX_POINT('',#4922);
#1486=VERTEX_POINT('',#4925);
#1487=VERTEX_POINT('',#4926);
#1488=VERTEX_POINT('',#4928);
#1489=VERTEX_POINT('',#4930);
#1490=VERTEX_POINT('',#4991);
#1491=VERTEX_POINT('',#4993);
#1492=VERTEX_POINT('',#4997);
#1493=VERTEX_POINT('',#5001);
#1494=VERTEX_POINT('',#5007);
#1495=VERTEX_POINT('',#5009);
#1496=VERTEX_POINT('',#5013);
#1497=VERTEX_POINT('',#5017);
#1498=VERTEX_POINT('',#5023);
#1499=VERTEX_POINT('',#5025);
#1500=VERTEX_POINT('',#5029);
#1501=VERTEX_POINT('',#5033);
#1502=VERTEX_POINT('',#5039);
#1503=VERTEX_POINT('',#5041);
#1504=VERTEX_POINT('',#5045);
#1505=VERTEX_POINT('',#5049);
#1506=VERTEX_POINT('',#5055);
#1507=VERTEX_POINT('',#5057);
#1508=VERTEX_POINT('',#5061);
#1509=VERTEX_POINT('',#5065);
#1510=VERTEX_POINT('',#5071);
#1511=VERTEX_POINT('',#5073);
#1512=VERTEX_POINT('',#5077);
#1513=VERTEX_POINT('',#5081);
#1514=VERTEX_POINT('',#5087);
#1515=VERTEX_POINT('',#5089);
#1516=VERTEX_POINT('',#5093);
#1517=VERTEX_POINT('',#5097);
#1518=VERTEX_POINT('',#5103);
#1519=VERTEX_POINT('',#5105);
#1520=VERTEX_POINT('',#5109);
#1521=VERTEX_POINT('',#5113);
#1522=VERTEX_POINT('',#5119);
#1523=VERTEX_POINT('',#5121);
#1524=VERTEX_POINT('',#5125);
#1525=VERTEX_POINT('',#5129);
#1526=VERTEX_POINT('',#5135);
#1527=VERTEX_POINT('',#5137);
#1528=VERTEX_POINT('',#5141);
#1529=VERTEX_POINT('',#5145);
#1530=VERTEX_POINT('',#5151);
#1531=VERTEX_POINT('',#5153);
#1532=VERTEX_POINT('',#5157);
#1533=VERTEX_POINT('',#5161);
#1534=VERTEX_POINT('',#5167);
#1535=VERTEX_POINT('',#5169);
#1536=VERTEX_POINT('',#5173);
#1537=VERTEX_POINT('',#5177);
#1538=VERTEX_POINT('',#5183);
#1539=VERTEX_POINT('',#5185);
#1540=VERTEX_POINT('',#5189);
#1541=VERTEX_POINT('',#5193);
#1542=VERTEX_POINT('',#5199);
#1543=VERTEX_POINT('',#5201);
#1544=VERTEX_POINT('',#5205);
#1545=VERTEX_POINT('',#5209);
#1546=VERTEX_POINT('',#5215);
#1547=VERTEX_POINT('',#5217);
#1548=VERTEX_POINT('',#5221);
#1549=VERTEX_POINT('',#5225);
#1550=VERTEX_POINT('',#5231);
#1551=VERTEX_POINT('',#5233);
#1552=VERTEX_POINT('',#5237);
#1553=VERTEX_POINT('',#5241);
#1554=VERTEX_POINT('',#5247);
#1555=VERTEX_POINT('',#5249);
#1556=VERTEX_POINT('',#5253);
#1557=VERTEX_POINT('',#5257);
#1558=VERTEX_POINT('',#5263);
#1559=VERTEX_POINT('',#5265);
#1560=VERTEX_POINT('',#5269);
#1561=VERTEX_POINT('',#5273);
#1562=VERTEX_POINT('',#5279);
#1563=VERTEX_POINT('',#5281);
#1564=VERTEX_POINT('',#5285);
#1565=VERTEX_POINT('',#5289);
#1566=VERTEX_POINT('',#5295);
#1567=VERTEX_POINT('',#5297);
#1568=VERTEX_POINT('',#5301);
#1569=VERTEX_POINT('',#5305);
#1570=VERTEX_POINT('',#5311);
#1571=VERTEX_POINT('',#5313);
#1572=VERTEX_POINT('',#5317);
#1573=VERTEX_POINT('',#5321);
#1574=VERTEX_POINT('',#5327);
#1575=VERTEX_POINT('',#5329);
#1576=VERTEX_POINT('',#5333);
#1577=VERTEX_POINT('',#5337);
#1578=VERTEX_POINT('',#5343);
#1579=VERTEX_POINT('',#5345);
#1580=VERTEX_POINT('',#5349);
#1581=VERTEX_POINT('',#5353);
#1582=VERTEX_POINT('',#5359);
#1583=VERTEX_POINT('',#5361);
#1584=VERTEX_POINT('',#5365);
#1585=VERTEX_POINT('',#5369);
#1586=VERTEX_POINT('',#5375);
#1587=VERTEX_POINT('',#5377);
#1588=VERTEX_POINT('',#5381);
#1589=VERTEX_POINT('',#5385);
#1590=VERTEX_POINT('',#5391);
#1591=VERTEX_POINT('',#5393);
#1592=VERTEX_POINT('',#5397);
#1593=VERTEX_POINT('',#5401);
#1594=VERTEX_POINT('',#5407);
#1595=VERTEX_POINT('',#5409);
#1596=VERTEX_POINT('',#5413);
#1597=VERTEX_POINT('',#5417);
#1598=VERTEX_POINT('',#5423);
#1599=VERTEX_POINT('',#5425);
#1600=VERTEX_POINT('',#5429);
#1601=VERTEX_POINT('',#5433);
#1602=VERTEX_POINT('',#5439);
#1603=VERTEX_POINT('',#5441);
#1604=VERTEX_POINT('',#5445);
#1605=VERTEX_POINT('',#5449);
#1606=VERTEX_POINT('',#5455);
#1607=VERTEX_POINT('',#5457);
#1608=VERTEX_POINT('',#5461);
#1609=VERTEX_POINT('',#5465);
#1610=VERTEX_POINT('',#5471);
#1611=VERTEX_POINT('',#5473);
#1612=VERTEX_POINT('',#5477);
#1613=VERTEX_POINT('',#5481);
#1614=VERTEX_POINT('',#5487);
#1615=VERTEX_POINT('',#5489);
#1616=VERTEX_POINT('',#5493);
#1617=VERTEX_POINT('',#5497);
#1618=VERTEX_POINT('',#5503);
#1619=VERTEX_POINT('',#5505);
#1620=VERTEX_POINT('',#5509);
#1621=VERTEX_POINT('',#5513);
#1622=VERTEX_POINT('',#5519);
#1623=VERTEX_POINT('',#5521);
#1624=VERTEX_POINT('',#5525);
#1625=VERTEX_POINT('',#5529);
#1626=VERTEX_POINT('',#5535);
#1627=VERTEX_POINT('',#5537);
#1628=VERTEX_POINT('',#5541);
#1629=VERTEX_POINT('',#5545);
#1630=VERTEX_POINT('',#5551);
#1631=VERTEX_POINT('',#5553);
#1632=VERTEX_POINT('',#5557);
#1633=VERTEX_POINT('',#5561);
#1634=EDGE_CURVE('',#1354,#1355,#442,.T.);
#1635=EDGE_CURVE('',#1354,#1356,#443,.T.);
#1636=EDGE_CURVE('',#1356,#1357,#444,.T.);
#1637=EDGE_CURVE('',#1355,#1357,#445,.T.);
#1638=EDGE_CURVE('',#1358,#1359,#446,.T.);
#1639=EDGE_CURVE('',#1358,#1354,#447,.T.);
#1640=EDGE_CURVE('',#1359,#1355,#448,.T.);
#1641=EDGE_CURVE('',#1356,#1360,#449,.T.);
#1642=EDGE_CURVE('',#1360,#1361,#450,.T.);
#1643=EDGE_CURVE('',#1357,#1361,#451,.T.);
#1644=EDGE_CURVE('',#1362,#1363,#452,.T.);
#1645=EDGE_CURVE('',#1364,#1362,#453,.T.);
#1646=EDGE_CURVE('',#1365,#1364,#454,.T.);
#1647=EDGE_CURVE('',#1366,#1365,#455,.T.);
#1648=EDGE_CURVE('',#1367,#1366,#456,.T.);
#1649=EDGE_CURVE('',#1368,#1367,#457,.T.);
#1650=EDGE_CURVE('',#1369,#1368,#458,.T.);
#1651=EDGE_CURVE('',#1370,#1369,#459,.T.);
#1652=EDGE_CURVE('',#1371,#1370,#460,.T.);
#1653=EDGE_CURVE('',#1372,#1371,#461,.T.);
#1654=EDGE_CURVE('',#1373,#1372,#462,.T.);
#1655=EDGE_CURVE('',#1374,#1373,#463,.T.);
#1656=EDGE_CURVE('',#1375,#1374,#464,.T.);
#1657=EDGE_CURVE('',#1376,#1375,#465,.T.);
#1658=EDGE_CURVE('',#1377,#1376,#466,.T.);
#1659=EDGE_CURVE('',#1378,#1377,#467,.T.);
#1660=EDGE_CURVE('',#1379,#1378,#468,.T.);
#1661=EDGE_CURVE('',#1380,#1379,#469,.T.);
#1662=EDGE_CURVE('',#1381,#1380,#470,.T.);
#1663=EDGE_CURVE('',#1382,#1381,#471,.T.);
#1664=EDGE_CURVE('',#1383,#1382,#472,.T.);
#1665=EDGE_CURVE('',#1384,#1383,#473,.T.);
#1666=EDGE_CURVE('',#1385,#1384,#474,.T.);
#1667=EDGE_CURVE('',#1386,#1385,#475,.T.);
#1668=EDGE_CURVE('',#1387,#1386,#476,.T.);
#1669=EDGE_CURVE('',#1388,#1387,#477,.T.);
#1670=EDGE_CURVE('',#1389,#1388,#478,.T.);
#1671=EDGE_CURVE('',#1360,#1389,#479,.T.);
#1672=EDGE_CURVE('',#1363,#1358,#480,.T.);
#1673=EDGE_CURVE('',#1390,#1391,#481,.T.);
#1674=EDGE_CURVE('',#1390,#1392,#482,.T.);
#1675=EDGE_CURVE('',#1392,#1393,#483,.T.);
#1676=EDGE_CURVE('',#1391,#1393,#484,.T.);
#1677=EDGE_CURVE('',#1394,#1395,#485,.T.);
#1678=EDGE_CURVE('',#1395,#1396,#486,.T.);
#1679=EDGE_CURVE('',#1397,#1396,#487,.T.);
#1680=EDGE_CURVE('',#1394,#1397,#488,.T.);
#1681=EDGE_CURVE('',#1398,#1399,#489,.T.);
#1682=EDGE_CURVE('',#1400,#1399,#490,.T.);
#1683=EDGE_CURVE('',#1401,#1400,#491,.T.);
#1684=EDGE_CURVE('',#1401,#1398,#492,.T.);
#1685=EDGE_CURVE('',#1402,#1403,#493,.T.);
#1686=EDGE_CURVE('',#1402,#1404,#494,.T.);
#1687=EDGE_CURVE('',#1404,#1405,#495,.T.);
#1688=EDGE_CURVE('',#1403,#1405,#496,.T.);
#1689=EDGE_CURVE('',#1406,#1407,#497,.T.);
#1690=EDGE_CURVE('',#1406,#1408,#498,.T.);
#1691=EDGE_CURVE('',#1408,#1409,#499,.T.);
#1692=EDGE_CURVE('',#1407,#1409,#500,.T.);
#1693=EDGE_CURVE('',#1410,#1411,#501,.T.);
#1694=EDGE_CURVE('',#1410,#1412,#502,.T.);
#1695=EDGE_CURVE('',#1412,#1413,#503,.T.);
#1696=EDGE_CURVE('',#1411,#1413,#504,.T.);
#1697=EDGE_CURVE('',#1414,#1415,#505,.T.);
#1698=EDGE_CURVE('',#1416,#1415,#506,.T.);
#1699=EDGE_CURVE('',#1417,#1416,#507,.T.);
#1700=EDGE_CURVE('',#1417,#1414,#508,.T.);
#1701=EDGE_CURVE('',#1418,#1419,#509,.T.);
#1702=EDGE_CURVE('',#1420,#1419,#510,.T.);
#1703=EDGE_CURVE('',#1421,#1420,#511,.T.);
#1704=EDGE_CURVE('',#1421,#1418,#512,.T.);
#1705=EDGE_CURVE('',#1422,#1423,#513,.T.);
#1706=EDGE_CURVE('',#1424,#1423,#514,.T.);
#1707=EDGE_CURVE('',#1425,#1424,#515,.T.);
#1708=EDGE_CURVE('',#1425,#1422,#516,.T.);
#1709=EDGE_CURVE('',#1426,#1427,#517,.T.);
#1710=EDGE_CURVE('',#1427,#1359,#518,.T.);
#1711=EDGE_CURVE('',#1361,#1428,#519,.T.);
#1712=EDGE_CURVE('',#1428,#1429,#520,.T.);
#1713=EDGE_CURVE('',#1429,#1430,#521,.T.);
#1714=EDGE_CURVE('',#1430,#1431,#522,.T.);
#1715=EDGE_CURVE('',#1431,#1432,#523,.T.);
#1716=EDGE_CURVE('',#1432,#1433,#524,.T.);
#1717=EDGE_CURVE('',#1433,#1434,#525,.T.);
#1718=EDGE_CURVE('',#1434,#1435,#526,.T.);
#1719=EDGE_CURVE('',#1435,#1436,#527,.T.);
#1720=EDGE_CURVE('',#1436,#1437,#528,.T.);
#1721=EDGE_CURVE('',#1437,#1438,#529,.T.);
#1722=EDGE_CURVE('',#1438,#1439,#530,.T.);
#1723=EDGE_CURVE('',#1439,#1440,#531,.T.);
#1724=EDGE_CURVE('',#1440,#1441,#532,.T.);
#1725=EDGE_CURVE('',#1441,#1442,#533,.T.);
#1726=EDGE_CURVE('',#1442,#1443,#534,.T.);
#1727=EDGE_CURVE('',#1443,#1444,#535,.T.);
#1728=EDGE_CURVE('',#1444,#1445,#536,.T.);
#1729=EDGE_CURVE('',#1445,#1446,#537,.T.);
#1730=EDGE_CURVE('',#1446,#1447,#538,.T.);
#1731=EDGE_CURVE('',#1447,#1448,#539,.T.);
#1732=EDGE_CURVE('',#1448,#1449,#540,.T.);
#1733=EDGE_CURVE('',#1449,#1450,#541,.T.);
#1734=EDGE_CURVE('',#1450,#1451,#542,.T.);
#1735=EDGE_CURVE('',#1451,#1452,#543,.T.);
#1736=EDGE_CURVE('',#1452,#1453,#544,.T.);
#1737=EDGE_CURVE('',#1453,#1426,#545,.T.);
#1738=EDGE_CURVE('',#1454,#1455,#546,.T.);
#1739=EDGE_CURVE('',#1455,#1456,#547,.T.);
#1740=EDGE_CURVE('',#1457,#1456,#548,.T.);
#1741=EDGE_CURVE('',#1454,#1457,#549,.T.);
#1742=EDGE_CURVE('',#1458,#1459,#550,.T.);
#1743=EDGE_CURVE('',#1458,#1460,#551,.T.);
#1744=EDGE_CURVE('',#1460,#1461,#552,.T.);
#1745=EDGE_CURVE('',#1459,#1461,#553,.T.);
#1746=EDGE_CURVE('',#1462,#1463,#554,.T.);
#1747=EDGE_CURVE('',#1464,#1462,#555,.T.);
#1748=EDGE_CURVE('',#1464,#1465,#556,.T.);
#1749=EDGE_CURVE('',#1465,#1463,#557,.T.);
#1750=EDGE_CURVE('',#1466,#1467,#558,.T.);
#1751=EDGE_CURVE('',#1467,#1468,#559,.T.);
#1752=EDGE_CURVE('',#1469,#1468,#560,.T.);
#1753=EDGE_CURVE('',#1466,#1469,#561,.T.);
#1754=EDGE_CURVE('',#1470,#1471,#562,.T.);
#1755=EDGE_CURVE('',#1471,#1472,#563,.T.);
#1756=EDGE_CURVE('',#1473,#1472,#564,.T.);
#1757=EDGE_CURVE('',#1470,#1473,#565,.T.);
#1758=EDGE_CURVE('',#1474,#1475,#566,.T.);
#1759=EDGE_CURVE('',#1475,#1476,#567,.T.);
#1760=EDGE_CURVE('',#1477,#1476,#568,.T.);
#1761=EDGE_CURVE('',#1474,#1477,#569,.T.);
#1762=EDGE_CURVE('',#1478,#1479,#570,.T.);
#1763=EDGE_CURVE('',#1480,#1478,#571,.T.);
#1764=EDGE_CURVE('',#1480,#1481,#572,.T.);
#1765=EDGE_CURVE('',#1481,#1479,#573,.T.);
#1766=EDGE_CURVE('',#1482,#1483,#574,.T.);
#1767=EDGE_CURVE('',#1484,#1482,#575,.T.);
#1768=EDGE_CURVE('',#1484,#1485,#576,.T.);
#1769=EDGE_CURVE('',#1485,#1483,#577,.T.);
#1770=EDGE_CURVE('',#1486,#1487,#578,.T.);
#1771=EDGE_CURVE('',#1488,#1486,#579,.T.);
#1772=EDGE_CURVE('',#1488,#1489,#580,.T.);
#1773=EDGE_CURVE('',#1489,#1487,#581,.T.);
#1774=EDGE_CURVE('',#1363,#1427,#582,.T.);
#1775=EDGE_CURVE('',#1389,#1428,#583,.T.);
#1776=EDGE_CURVE('',#1362,#1426,#584,.T.);
#1777=EDGE_CURVE('',#1388,#1429,#585,.T.);
#1778=EDGE_CURVE('',#1364,#1453,#586,.T.);
#1779=EDGE_CURVE('',#1387,#1430,#587,.T.);
#1780=EDGE_CURVE('',#1365,#1452,#588,.T.);
#1781=EDGE_CURVE('',#1386,#1431,#589,.T.);
#1782=EDGE_CURVE('',#1366,#1451,#590,.T.);
#1783=EDGE_CURVE('',#1385,#1432,#591,.T.);
#1784=EDGE_CURVE('',#1367,#1450,#592,.T.);
#1785=EDGE_CURVE('',#1384,#1433,#593,.T.);
#1786=EDGE_CURVE('',#1368,#1449,#594,.T.);
#1787=EDGE_CURVE('',#1383,#1434,#595,.T.);
#1788=EDGE_CURVE('',#1369,#1448,#596,.T.);
#1789=EDGE_CURVE('',#1382,#1435,#597,.T.);
#1790=EDGE_CURVE('',#1370,#1447,#598,.T.);
#1791=EDGE_CURVE('',#1381,#1436,#599,.T.);
#1792=EDGE_CURVE('',#1371,#1446,#600,.T.);
#1793=EDGE_CURVE('',#1380,#1437,#601,.T.);
#1794=EDGE_CURVE('',#1372,#1445,#602,.T.);
#1795=EDGE_CURVE('',#1379,#1438,#603,.T.);
#1796=EDGE_CURVE('',#1373,#1444,#604,.T.);
#1797=EDGE_CURVE('',#1378,#1439,#605,.T.);
#1798=EDGE_CURVE('',#1374,#1443,#606,.T.);
#1799=EDGE_CURVE('',#1377,#1440,#607,.T.);
#1800=EDGE_CURVE('',#1375,#1442,#608,.T.);
#1801=EDGE_CURVE('',#1376,#1441,#609,.T.);
#1802=EDGE_CURVE('',#1490,#1390,#610,.T.);
#1803=EDGE_CURVE('',#1491,#1391,#611,.T.);
#1804=EDGE_CURVE('',#1491,#1490,#612,.T.);
#1805=EDGE_CURVE('',#1490,#1492,#613,.T.);
#1806=EDGE_CURVE('',#1492,#1392,#614,.T.);
#1807=EDGE_CURVE('',#1493,#1492,#615,.T.);
#1808=EDGE_CURVE('',#1493,#1393,#616,.T.);
#1809=EDGE_CURVE('',#1491,#1493,#617,.T.);
#1810=EDGE_CURVE('',#1494,#1394,#618,.T.);
#1811=EDGE_CURVE('',#1494,#1495,#619,.T.);
#1812=EDGE_CURVE('',#1495,#1395,#620,.T.);
#1813=EDGE_CURVE('',#1496,#1495,#621,.T.);
#1814=EDGE_CURVE('',#1496,#1396,#622,.T.);
#1815=EDGE_CURVE('',#1497,#1397,#623,.T.);
#1816=EDGE_CURVE('',#1497,#1496,#624,.T.);
#1817=EDGE_CURVE('',#1497,#1494,#625,.T.);
#1818=EDGE_CURVE('',#1498,#1398,#626,.T.);
#1819=EDGE_CURVE('',#1499,#1498,#627,.T.);
#1820=EDGE_CURVE('',#1499,#1399,#628,.T.);
#1821=EDGE_CURVE('',#1500,#1400,#629,.T.);
#1822=EDGE_CURVE('',#1500,#1499,#630,.T.);
#1823=EDGE_CURVE('',#1501,#1401,#631,.T.);
#1824=EDGE_CURVE('',#1500,#1501,#632,.T.);
#1825=EDGE_CURVE('',#1501,#1498,#633,.T.);
#1826=EDGE_CURVE('',#1502,#1402,#634,.T.);
#1827=EDGE_CURVE('',#1503,#1403,#635,.T.);
#1828=EDGE_CURVE('',#1503,#1502,#636,.T.);
#1829=EDGE_CURVE('',#1502,#1504,#637,.T.);
#1830=EDGE_CURVE('',#1504,#1404,#638,.T.);
#1831=EDGE_CURVE('',#1505,#1504,#639,.T.);
#1832=EDGE_CURVE('',#1505,#1405,#640,.T.);
#1833=EDGE_CURVE('',#1503,#1505,#641,.T.);
#1834=EDGE_CURVE('',#1506,#1406,#642,.T.);
#1835=EDGE_CURVE('',#1507,#1407,#643,.T.);
#1836=EDGE_CURVE('',#1507,#1506,#644,.T.);
#1837=EDGE_CURVE('',#1506,#1508,#645,.T.);
#1838=EDGE_CURVE('',#1508,#1408,#646,.T.);
#1839=EDGE_CURVE('',#1509,#1508,#647,.T.);
#1840=EDGE_CURVE('',#1509,#1409,#648,.T.);
#1841=EDGE_CURVE('',#1507,#1509,#649,.T.);
#1842=EDGE_CURVE('',#1510,#1410,#650,.T.);
#1843=EDGE_CURVE('',#1511,#1411,#651,.T.);
#1844=EDGE_CURVE('',#1511,#1510,#652,.T.);
#1845=EDGE_CURVE('',#1510,#1512,#653,.T.);
#1846=EDGE_CURVE('',#1512,#1412,#654,.T.);
#1847=EDGE_CURVE('',#1513,#1512,#655,.T.);
#1848=EDGE_CURVE('',#1513,#1413,#656,.T.);
#1849=EDGE_CURVE('',#1511,#1513,#657,.T.);
#1850=EDGE_CURVE('',#1514,#1414,#658,.T.);
#1851=EDGE_CURVE('',#1515,#1514,#659,.T.);
#1852=EDGE_CURVE('',#1515,#1415,#660,.T.);
#1853=EDGE_CURVE('',#1516,#1416,#661,.T.);
#1854=EDGE_CURVE('',#1516,#1515,#662,.T.);
#1855=EDGE_CURVE('',#1517,#1417,#663,.T.);
#1856=EDGE_CURVE('',#1516,#1517,#664,.T.);
#1857=EDGE_CURVE('',#1517,#1514,#665,.T.);
#1858=EDGE_CURVE('',#1518,#1418,#666,.T.);
#1859=EDGE_CURVE('',#1519,#1518,#667,.T.);
#1860=EDGE_CURVE('',#1519,#1419,#668,.T.);
#1861=EDGE_CURVE('',#1520,#1420,#669,.T.);
#1862=EDGE_CURVE('',#1520,#1519,#670,.T.);
#1863=EDGE_CURVE('',#1521,#1421,#671,.T.);
#1864=EDGE_CURVE('',#1520,#1521,#672,.T.);
#1865=EDGE_CURVE('',#1521,#1518,#673,.T.);
#1866=EDGE_CURVE('',#1522,#1422,#674,.T.);
#1867=EDGE_CURVE('',#1523,#1522,#675,.T.);
#1868=EDGE_CURVE('',#1523,#1423,#676,.T.);
#1869=EDGE_CURVE('',#1524,#1424,#677,.T.);
#1870=EDGE_CURVE('',#1524,#1523,#678,.T.);
#1871=EDGE_CURVE('',#1525,#1425,#679,.T.);
#1872=EDGE_CURVE('',#1524,#1525,#680,.T.);
#1873=EDGE_CURVE('',#1525,#1522,#681,.T.);
#1874=EDGE_CURVE('',#1454,#1526,#682,.T.);
#1875=EDGE_CURVE('',#1527,#1526,#683,.T.);
#1876=EDGE_CURVE('',#1455,#1527,#684,.T.);
#1877=EDGE_CURVE('',#1457,#1528,#685,.T.);
#1878=EDGE_CURVE('',#1526,#1528,#686,.T.);
#1879=EDGE_CURVE('',#1456,#1529,#687,.T.);
#1880=EDGE_CURVE('',#1529,#1528,#688,.T.);
#1881=EDGE_CURVE('',#1527,#1529,#689,.T.);
#1882=EDGE_CURVE('',#1458,#1530,#690,.T.);
#1883=EDGE_CURVE('',#1459,#1531,#691,.T.);
#1884=EDGE_CURVE('',#1530,#1531,#692,.T.);
#1885=EDGE_CURVE('',#1461,#1532,#693,.T.);
#1886=EDGE_CURVE('',#1532,#1531,#694,.T.);
#1887=EDGE_CURVE('',#1460,#1533,#695,.T.);
#1888=EDGE_CURVE('',#1533,#1532,#696,.T.);
#1889=EDGE_CURVE('',#1533,#1530,#697,.T.);
#1890=EDGE_CURVE('',#1462,#1534,#698,.T.);
#1891=EDGE_CURVE('',#1463,#1535,#699,.T.);
#1892=EDGE_CURVE('',#1535,#1534,#700,.T.);
#1893=EDGE_CURVE('',#1465,#1536,#701,.T.);
#1894=EDGE_CURVE('',#1536,#1535,#702,.T.);
#1895=EDGE_CURVE('',#1464,#1537,#703,.T.);
#1896=EDGE_CURVE('',#1536,#1537,#704,.T.);
#1897=EDGE_CURVE('',#1537,#1534,#705,.T.);
#1898=EDGE_CURVE('',#1466,#1538,#706,.T.);
#1899=EDGE_CURVE('',#1539,#1538,#707,.T.);
#1900=EDGE_CURVE('',#1467,#1539,#708,.T.);
#1901=EDGE_CURVE('',#1469,#1540,#709,.T.);
#1902=EDGE_CURVE('',#1538,#1540,#710,.T.);
#1903=EDGE_CURVE('',#1468,#1541,#711,.T.);
#1904=EDGE_CURVE('',#1541,#1540,#712,.T.);
#1905=EDGE_CURVE('',#1539,#1541,#713,.T.);
#1906=EDGE_CURVE('',#1470,#1542,#714,.T.);
#1907=EDGE_CURVE('',#1543,#1542,#715,.T.);
#1908=EDGE_CURVE('',#1471,#1543,#716,.T.);
#1909=EDGE_CURVE('',#1473,#1544,#717,.T.);
#1910=EDGE_CURVE('',#1542,#1544,#718,.T.);
#1911=EDGE_CURVE('',#1472,#1545,#719,.T.);
#1912=EDGE_CURVE('',#1545,#1544,#720,.T.);
#1913=EDGE_CURVE('',#1543,#1545,#721,.T.);
#1914=EDGE_CURVE('',#1474,#1546,#722,.T.);
#1915=EDGE_CURVE('',#1547,#1546,#723,.T.);
#1916=EDGE_CURVE('',#1475,#1547,#724,.T.);
#1917=EDGE_CURVE('',#1477,#1548,#725,.T.);
#1918=EDGE_CURVE('',#1546,#1548,#726,.T.);
#1919=EDGE_CURVE('',#1476,#1549,#727,.T.);
#1920=EDGE_CURVE('',#1549,#1548,#728,.T.);
#1921=EDGE_CURVE('',#1547,#1549,#729,.T.);
#1922=EDGE_CURVE('',#1478,#1550,#730,.T.);
#1923=EDGE_CURVE('',#1479,#1551,#731,.T.);
#1924=EDGE_CURVE('',#1551,#1550,#732,.T.);
#1925=EDGE_CURVE('',#1481,#1552,#733,.T.);
#1926=EDGE_CURVE('',#1552,#1551,#734,.T.);
#1927=EDGE_CURVE('',#1480,#1553,#735,.T.);
#1928=EDGE_CURVE('',#1552,#1553,#736,.T.);
#1929=EDGE_CURVE('',#1553,#1550,#737,.T.);
#1930=EDGE_CURVE('',#1482,#1554,#738,.T.);
#1931=EDGE_CURVE('',#1483,#1555,#739,.T.);
#1932=EDGE_CURVE('',#1555,#1554,#740,.T.);
#1933=EDGE_CURVE('',#1485,#1556,#741,.T.);
#1934=EDGE_CURVE('',#1556,#1555,#742,.T.);
#1935=EDGE_CURVE('',#1484,#1557,#743,.T.);
#1936=EDGE_CURVE('',#1556,#1557,#744,.T.);
#1937=EDGE_CURVE('',#1557,#1554,#745,.T.);
#1938=EDGE_CURVE('',#1486,#1558,#746,.T.);
#1939=EDGE_CURVE('',#1487,#1559,#747,.T.);
#1940=EDGE_CURVE('',#1559,#1558,#748,.T.);
#1941=EDGE_CURVE('',#1489,#1560,#749,.T.);
#1942=EDGE_CURVE('',#1560,#1559,#750,.T.);
#1943=EDGE_CURVE('',#1488,#1561,#751,.T.);
#1944=EDGE_CURVE('',#1560,#1561,#752,.T.);
#1945=EDGE_CURVE('',#1561,#1558,#753,.T.);
#1946=EDGE_CURVE('',#1491,#1562,#754,.T.);
#1947=EDGE_CURVE('',#1562,#1563,#755,.T.);
#1948=EDGE_CURVE('',#1490,#1563,#756,.T.);
#1949=EDGE_CURVE('',#1563,#1564,#757,.T.);
#1950=EDGE_CURVE('',#1492,#1564,#758,.T.);
#1951=EDGE_CURVE('',#1493,#1565,#759,.T.);
#1952=EDGE_CURVE('',#1565,#1564,#760,.T.);
#1953=EDGE_CURVE('',#1562,#1565,#761,.T.);
#1954=EDGE_CURVE('',#1494,#1566,#762,.T.);
#1955=EDGE_CURVE('',#1566,#1567,#763,.T.);
#1956=EDGE_CURVE('',#1495,#1567,#764,.T.);
#1957=EDGE_CURVE('',#1496,#1568,#765,.T.);
#1958=EDGE_CURVE('',#1568,#1567,#766,.T.);
#1959=EDGE_CURVE('',#1497,#1569,#767,.T.);
#1960=EDGE_CURVE('',#1569,#1568,#768,.T.);
#1961=EDGE_CURVE('',#1569,#1566,#769,.T.);
#1962=EDGE_CURVE('',#1499,#1570,#770,.T.);
#1963=EDGE_CURVE('',#1498,#1571,#771,.T.);
#1964=EDGE_CURVE('',#1570,#1571,#772,.T.);
#1965=EDGE_CURVE('',#1500,#1572,#773,.T.);
#1966=EDGE_CURVE('',#1572,#1570,#774,.T.);
#1967=EDGE_CURVE('',#1572,#1573,#775,.T.);
#1968=EDGE_CURVE('',#1501,#1573,#776,.T.);
#1969=EDGE_CURVE('',#1573,#1571,#777,.T.);
#1970=EDGE_CURVE('',#1503,#1574,#778,.T.);
#1971=EDGE_CURVE('',#1574,#1575,#779,.T.);
#1972=EDGE_CURVE('',#1502,#1575,#780,.T.);
#1973=EDGE_CURVE('',#1575,#1576,#781,.T.);
#1974=EDGE_CURVE('',#1504,#1576,#782,.T.);
#1975=EDGE_CURVE('',#1505,#1577,#783,.T.);
#1976=EDGE_CURVE('',#1577,#1576,#784,.T.);
#1977=EDGE_CURVE('',#1574,#1577,#785,.T.);
#1978=EDGE_CURVE('',#1507,#1578,#786,.T.);
#1979=EDGE_CURVE('',#1578,#1579,#787,.T.);
#1980=EDGE_CURVE('',#1506,#1579,#788,.T.);
#1981=EDGE_CURVE('',#1579,#1580,#789,.T.);
#1982=EDGE_CURVE('',#1508,#1580,#790,.T.);
#1983=EDGE_CURVE('',#1509,#1581,#791,.T.);
#1984=EDGE_CURVE('',#1581,#1580,#792,.T.);
#1985=EDGE_CURVE('',#1578,#1581,#793,.T.);
#1986=EDGE_CURVE('',#1511,#1582,#794,.T.);
#1987=EDGE_CURVE('',#1582,#1583,#795,.T.);
#1988=EDGE_CURVE('',#1510,#1583,#796,.T.);
#1989=EDGE_CURVE('',#1583,#1584,#797,.T.);
#1990=EDGE_CURVE('',#1512,#1584,#798,.T.);
#1991=EDGE_CURVE('',#1513,#1585,#799,.T.);
#1992=EDGE_CURVE('',#1585,#1584,#800,.T.);
#1993=EDGE_CURVE('',#1582,#1585,#801,.T.);
#1994=EDGE_CURVE('',#1515,#1586,#802,.T.);
#1995=EDGE_CURVE('',#1514,#1587,#803,.T.);
#1996=EDGE_CURVE('',#1586,#1587,#804,.T.);
#1997=EDGE_CURVE('',#1516,#1588,#805,.T.);
#1998=EDGE_CURVE('',#1588,#1586,#806,.T.);
#1999=EDGE_CURVE('',#1588,#1589,#807,.T.);
#2000=EDGE_CURVE('',#1517,#1589,#808,.T.);
#2001=EDGE_CURVE('',#1589,#1587,#809,.T.);
#2002=EDGE_CURVE('',#1519,#1590,#810,.T.);
#2003=EDGE_CURVE('',#1518,#1591,#811,.T.);
#2004=EDGE_CURVE('',#1590,#1591,#812,.T.);
#2005=EDGE_CURVE('',#1520,#1592,#813,.T.);
#2006=EDGE_CURVE('',#1592,#1590,#814,.T.);
#2007=EDGE_CURVE('',#1592,#1593,#815,.T.);
#2008=EDGE_CURVE('',#1521,#1593,#816,.T.);
#2009=EDGE_CURVE('',#1593,#1591,#817,.T.);
#2010=EDGE_CURVE('',#1523,#1594,#818,.T.);
#2011=EDGE_CURVE('',#1522,#1595,#819,.T.);
#2012=EDGE_CURVE('',#1594,#1595,#820,.T.);
#2013=EDGE_CURVE('',#1524,#1596,#821,.T.);
#2014=EDGE_CURVE('',#1596,#1594,#822,.T.);
#2015=EDGE_CURVE('',#1596,#1597,#823,.T.);
#2016=EDGE_CURVE('',#1525,#1597,#824,.T.);
#2017=EDGE_CURVE('',#1597,#1595,#825,.T.);
#2018=EDGE_CURVE('',#1527,#1598,#826,.T.);
#2019=EDGE_CURVE('',#1526,#1599,#827,.T.);
#2020=EDGE_CURVE('',#1598,#1599,#828,.T.);
#2021=EDGE_CURVE('',#1528,#1600,#829,.T.);
#2022=EDGE_CURVE('',#1599,#1600,#830,.T.);
#2023=EDGE_CURVE('',#1529,#1601,#831,.T.);
#2024=EDGE_CURVE('',#1601,#1600,#832,.T.);
#2025=EDGE_CURVE('',#1598,#1601,#833,.T.);
#2026=EDGE_CURVE('',#1530,#1602,#834,.T.);
#2027=EDGE_CURVE('',#1531,#1603,#835,.T.);
#2028=EDGE_CURVE('',#1602,#1603,#836,.T.);
#2029=EDGE_CURVE('',#1532,#1604,#837,.T.);
#2030=EDGE_CURVE('',#1604,#1603,#838,.T.);
#2031=EDGE_CURVE('',#1533,#1605,#839,.T.);
#2032=EDGE_CURVE('',#1605,#1604,#840,.T.);
#2033=EDGE_CURVE('',#1605,#1602,#841,.T.);
#2034=EDGE_CURVE('',#1535,#1606,#842,.T.);
#2035=EDGE_CURVE('',#1606,#1607,#843,.T.);
#2036=EDGE_CURVE('',#1534,#1607,#844,.T.);
#2037=EDGE_CURVE('',#1536,#1608,#845,.T.);
#2038=EDGE_CURVE('',#1608,#1606,#846,.T.);
#2039=EDGE_CURVE('',#1537,#1609,#847,.T.);
#2040=EDGE_CURVE('',#1608,#1609,#848,.T.);
#2041=EDGE_CURVE('',#1609,#1607,#849,.T.);
#2042=EDGE_CURVE('',#1539,#1610,#850,.T.);
#2043=EDGE_CURVE('',#1538,#1611,#851,.T.);
#2044=EDGE_CURVE('',#1610,#1611,#852,.T.);
#2045=EDGE_CURVE('',#1540,#1612,#853,.T.);
#2046=EDGE_CURVE('',#1611,#1612,#854,.T.);
#2047=EDGE_CURVE('',#1541,#1613,#855,.T.);
#2048=EDGE_CURVE('',#1613,#1612,#856,.T.);
#2049=EDGE_CURVE('',#1610,#1613,#857,.T.);
#2050=EDGE_CURVE('',#1543,#1614,#858,.T.);
#2051=EDGE_CURVE('',#1542,#1615,#859,.T.);
#2052=EDGE_CURVE('',#1614,#1615,#860,.T.);
#2053=EDGE_CURVE('',#1544,#1616,#861,.T.);
#2054=EDGE_CURVE('',#1615,#1616,#862,.T.);
#2055=EDGE_CURVE('',#1545,#1617,#863,.T.);
#2056=EDGE_CURVE('',#1617,#1616,#864,.T.);
#2057=EDGE_CURVE('',#1614,#1617,#865,.T.);
#2058=EDGE_CURVE('',#1547,#1618,#866,.T.);
#2059=EDGE_CURVE('',#1546,#1619,#867,.T.);
#2060=EDGE_CURVE('',#1618,#1619,#868,.T.);
#2061=EDGE_CURVE('',#1548,#1620,#869,.T.);
#2062=EDGE_CURVE('',#1619,#1620,#870,.T.);
#2063=EDGE_CURVE('',#1549,#1621,#871,.T.);
#2064=EDGE_CURVE('',#1621,#1620,#872,.T.);
#2065=EDGE_CURVE('',#1618,#1621,#873,.T.);
#2066=EDGE_CURVE('',#1551,#1622,#874,.T.);
#2067=EDGE_CURVE('',#1622,#1623,#875,.T.);
#2068=EDGE_CURVE('',#1550,#1623,#876,.T.);
#2069=EDGE_CURVE('',#1552,#1624,#877,.T.);
#2070=EDGE_CURVE('',#1624,#1622,#878,.T.);
#2071=EDGE_CURVE('',#1553,#1625,#879,.T.);
#2072=EDGE_CURVE('',#1624,#1625,#880,.T.);
#2073=EDGE_CURVE('',#1625,#1623,#881,.T.);
#2074=EDGE_CURVE('',#1555,#1626,#882,.T.);
#2075=EDGE_CURVE('',#1626,#1627,#883,.T.);
#2076=EDGE_CURVE('',#1554,#1627,#884,.T.);
#2077=EDGE_CURVE('',#1556,#1628,#885,.T.);
#2078=EDGE_CURVE('',#1628,#1626,#886,.T.);
#2079=EDGE_CURVE('',#1557,#1629,#887,.T.);
#2080=EDGE_CURVE('',#1628,#1629,#888,.T.);
#2081=EDGE_CURVE('',#1629,#1627,#889,.T.);
#2082=EDGE_CURVE('',#1559,#1630,#890,.T.);
#2083=EDGE_CURVE('',#1630,#1631,#891,.T.);
#2084=EDGE_CURVE('',#1558,#1631,#892,.T.);
#2085=EDGE_CURVE('',#1560,#1632,#893,.T.);
#2086=EDGE_CURVE('',#1632,#1630,#894,.T.);
#2087=EDGE_CURVE('',#1561,#1633,#895,.T.);
#2088=EDGE_CURVE('',#1632,#1633,#896,.T.);
#2089=EDGE_CURVE('',#1633,#1631,#897,.T.);
#2090=ORIENTED_EDGE('',*,*,#1634,.F.);
#2091=ORIENTED_EDGE('',*,*,#1635,.T.);
#2092=ORIENTED_EDGE('',*,*,#1636,.T.);
#2093=ORIENTED_EDGE('',*,*,#1637,.F.);
#2094=ORIENTED_EDGE('',*,*,#1638,.F.);
#2095=ORIENTED_EDGE('',*,*,#1639,.T.);
#2096=ORIENTED_EDGE('',*,*,#1634,.T.);
#2097=ORIENTED_EDGE('',*,*,#1640,.F.);
#2098=ORIENTED_EDGE('',*,*,#1636,.F.);
#2099=ORIENTED_EDGE('',*,*,#1641,.T.);
#2100=ORIENTED_EDGE('',*,*,#1642,.T.);
#2101=ORIENTED_EDGE('',*,*,#1643,.F.);
#2102=ORIENTED_EDGE('',*,*,#1644,.F.);
#2103=ORIENTED_EDGE('',*,*,#1645,.F.);
#2104=ORIENTED_EDGE('',*,*,#1646,.F.);
#2105=ORIENTED_EDGE('',*,*,#1647,.F.);
#2106=ORIENTED_EDGE('',*,*,#1648,.F.);
#2107=ORIENTED_EDGE('',*,*,#1649,.F.);
#2108=ORIENTED_EDGE('',*,*,#1650,.F.);
#2109=ORIENTED_EDGE('',*,*,#1651,.F.);
#2110=ORIENTED_EDGE('',*,*,#1652,.F.);
#2111=ORIENTED_EDGE('',*,*,#1653,.F.);
#2112=ORIENTED_EDGE('',*,*,#1654,.F.);
#2113=ORIENTED_EDGE('',*,*,#1655,.F.);
#2114=ORIENTED_EDGE('',*,*,#1656,.F.);
#2115=ORIENTED_EDGE('',*,*,#1657,.F.);
#2116=ORIENTED_EDGE('',*,*,#1658,.F.);
#2117=ORIENTED_EDGE('',*,*,#1659,.F.);
#2118=ORIENTED_EDGE('',*,*,#1660,.F.);
#2119=ORIENTED_EDGE('',*,*,#1661,.F.);
#2120=ORIENTED_EDGE('',*,*,#1662,.F.);
#2121=ORIENTED_EDGE('',*,*,#1663,.F.);
#2122=ORIENTED_EDGE('',*,*,#1664,.F.);
#2123=ORIENTED_EDGE('',*,*,#1665,.F.);
#2124=ORIENTED_EDGE('',*,*,#1666,.F.);
#2125=ORIENTED_EDGE('',*,*,#1667,.F.);
#2126=ORIENTED_EDGE('',*,*,#1668,.F.);
#2127=ORIENTED_EDGE('',*,*,#1669,.F.);
#2128=ORIENTED_EDGE('',*,*,#1670,.F.);
#2129=ORIENTED_EDGE('',*,*,#1671,.F.);
#2130=ORIENTED_EDGE('',*,*,#1641,.F.);
#2131=ORIENTED_EDGE('',*,*,#1635,.F.);
#2132=ORIENTED_EDGE('',*,*,#1639,.F.);
#2133=ORIENTED_EDGE('',*,*,#1672,.F.);
#2134=ORIENTED_EDGE('',*,*,#1673,.F.);
#2135=ORIENTED_EDGE('',*,*,#1674,.T.);
#2136=ORIENTED_EDGE('',*,*,#1675,.T.);
#2137=ORIENTED_EDGE('',*,*,#1676,.F.);
#2138=ORIENTED_EDGE('',*,*,#1677,.T.);
#2139=ORIENTED_EDGE('',*,*,#1678,.T.);
#2140=ORIENTED_EDGE('',*,*,#1679,.F.);
#2141=ORIENTED_EDGE('',*,*,#1680,.F.);
#2142=ORIENTED_EDGE('',*,*,#1681,.T.);
#2143=ORIENTED_EDGE('',*,*,#1682,.F.);
#2144=ORIENTED_EDGE('',*,*,#1683,.F.);
#2145=ORIENTED_EDGE('',*,*,#1684,.T.);
#2146=ORIENTED_EDGE('',*,*,#1685,.F.);
#2147=ORIENTED_EDGE('',*,*,#1686,.T.);
#2148=ORIENTED_EDGE('',*,*,#1687,.T.);
#2149=ORIENTED_EDGE('',*,*,#1688,.F.);
#2150=ORIENTED_EDGE('',*,*,#1689,.F.);
#2151=ORIENTED_EDGE('',*,*,#1690,.T.);
#2152=ORIENTED_EDGE('',*,*,#1691,.T.);
#2153=ORIENTED_EDGE('',*,*,#1692,.F.);
#2154=ORIENTED_EDGE('',*,*,#1693,.F.);
#2155=ORIENTED_EDGE('',*,*,#1694,.T.);
#2156=ORIENTED_EDGE('',*,*,#1695,.T.);
#2157=ORIENTED_EDGE('',*,*,#1696,.F.);
#2158=ORIENTED_EDGE('',*,*,#1697,.T.);
#2159=ORIENTED_EDGE('',*,*,#1698,.F.);
#2160=ORIENTED_EDGE('',*,*,#1699,.F.);
#2161=ORIENTED_EDGE('',*,*,#1700,.T.);
#2162=ORIENTED_EDGE('',*,*,#1701,.T.);
#2163=ORIENTED_EDGE('',*,*,#1702,.F.);
#2164=ORIENTED_EDGE('',*,*,#1703,.F.);
#2165=ORIENTED_EDGE('',*,*,#1704,.T.);
#2166=ORIENTED_EDGE('',*,*,#1705,.T.);
#2167=ORIENTED_EDGE('',*,*,#1706,.F.);
#2168=ORIENTED_EDGE('',*,*,#1707,.F.);
#2169=ORIENTED_EDGE('',*,*,#1708,.T.);
#2170=ORIENTED_EDGE('',*,*,#1709,.T.);
#2171=ORIENTED_EDGE('',*,*,#1710,.T.);
#2172=ORIENTED_EDGE('',*,*,#1640,.T.);
#2173=ORIENTED_EDGE('',*,*,#1637,.T.);
#2174=ORIENTED_EDGE('',*,*,#1643,.T.);
#2175=ORIENTED_EDGE('',*,*,#1711,.T.);
#2176=ORIENTED_EDGE('',*,*,#1712,.T.);
#2177=ORIENTED_EDGE('',*,*,#1713,.T.);
#2178=ORIENTED_EDGE('',*,*,#1714,.T.);
#2179=ORIENTED_EDGE('',*,*,#1715,.T.);
#2180=ORIENTED_EDGE('',*,*,#1716,.T.);
#2181=ORIENTED_EDGE('',*,*,#1717,.T.);
#2182=ORIENTED_EDGE('',*,*,#1718,.T.);
#2183=ORIENTED_EDGE('',*,*,#1719,.T.);
#2184=ORIENTED_EDGE('',*,*,#1720,.T.);
#2185=ORIENTED_EDGE('',*,*,#1721,.T.);
#2186=ORIENTED_EDGE('',*,*,#1722,.T.);
#2187=ORIENTED_EDGE('',*,*,#1723,.T.);
#2188=ORIENTED_EDGE('',*,*,#1724,.T.);
#2189=ORIENTED_EDGE('',*,*,#1725,.T.);
#2190=ORIENTED_EDGE('',*,*,#1726,.T.);
#2191=ORIENTED_EDGE('',*,*,#1727,.T.);
#2192=ORIENTED_EDGE('',*,*,#1728,.T.);
#2193=ORIENTED_EDGE('',*,*,#1729,.T.);
#2194=ORIENTED_EDGE('',*,*,#1730,.T.);
#2195=ORIENTED_EDGE('',*,*,#1731,.T.);
#2196=ORIENTED_EDGE('',*,*,#1732,.T.);
#2197=ORIENTED_EDGE('',*,*,#1733,.T.);
#2198=ORIENTED_EDGE('',*,*,#1734,.T.);
#2199=ORIENTED_EDGE('',*,*,#1735,.T.);
#2200=ORIENTED_EDGE('',*,*,#1736,.T.);
#2201=ORIENTED_EDGE('',*,*,#1737,.T.);
#2202=ORIENTED_EDGE('',*,*,#1738,.T.);
#2203=ORIENTED_EDGE('',*,*,#1739,.T.);
#2204=ORIENTED_EDGE('',*,*,#1740,.F.);
#2205=ORIENTED_EDGE('',*,*,#1741,.F.);
#2206=ORIENTED_EDGE('',*,*,#1742,.F.);
#2207=ORIENTED_EDGE('',*,*,#1743,.T.);
#2208=ORIENTED_EDGE('',*,*,#1744,.T.);
#2209=ORIENTED_EDGE('',*,*,#1745,.F.);
#2210=ORIENTED_EDGE('',*,*,#1746,.F.);
#2211=ORIENTED_EDGE('',*,*,#1747,.F.);
#2212=ORIENTED_EDGE('',*,*,#1748,.T.);
#2213=ORIENTED_EDGE('',*,*,#1749,.T.);
#2214=ORIENTED_EDGE('',*,*,#1750,.T.);
#2215=ORIENTED_EDGE('',*,*,#1751,.T.);
#2216=ORIENTED_EDGE('',*,*,#1752,.F.);
#2217=ORIENTED_EDGE('',*,*,#1753,.F.);
#2218=ORIENTED_EDGE('',*,*,#1754,.T.);
#2219=ORIENTED_EDGE('',*,*,#1755,.T.);
#2220=ORIENTED_EDGE('',*,*,#1756,.F.);
#2221=ORIENTED_EDGE('',*,*,#1757,.F.);
#2222=ORIENTED_EDGE('',*,*,#1758,.T.);
#2223=ORIENTED_EDGE('',*,*,#1759,.T.);
#2224=ORIENTED_EDGE('',*,*,#1760,.F.);
#2225=ORIENTED_EDGE('',*,*,#1761,.F.);
#2226=ORIENTED_EDGE('',*,*,#1762,.F.);
#2227=ORIENTED_EDGE('',*,*,#1763,.F.);
#2228=ORIENTED_EDGE('',*,*,#1764,.T.);
#2229=ORIENTED_EDGE('',*,*,#1765,.T.);
#2230=ORIENTED_EDGE('',*,*,#1766,.F.);
#2231=ORIENTED_EDGE('',*,*,#1767,.F.);
#2232=ORIENTED_EDGE('',*,*,#1768,.T.);
#2233=ORIENTED_EDGE('',*,*,#1769,.T.);
#2234=ORIENTED_EDGE('',*,*,#1770,.F.);
#2235=ORIENTED_EDGE('',*,*,#1771,.F.);
#2236=ORIENTED_EDGE('',*,*,#1772,.T.);
#2237=ORIENTED_EDGE('',*,*,#1773,.T.);
#2238=ORIENTED_EDGE('',*,*,#1774,.F.);
#2239=ORIENTED_EDGE('',*,*,#1672,.T.);
#2240=ORIENTED_EDGE('',*,*,#1638,.T.);
#2241=ORIENTED_EDGE('',*,*,#1710,.F.);
#2242=ORIENTED_EDGE('',*,*,#1642,.F.);
#2243=ORIENTED_EDGE('',*,*,#1671,.T.);
#2244=ORIENTED_EDGE('',*,*,#1775,.T.);
#2245=ORIENTED_EDGE('',*,*,#1711,.F.);
#2246=ORIENTED_EDGE('',*,*,#1776,.F.);
#2247=ORIENTED_EDGE('',*,*,#1644,.T.);
#2248=ORIENTED_EDGE('',*,*,#1774,.T.);
#2249=ORIENTED_EDGE('',*,*,#1709,.F.);
#2250=ORIENTED_EDGE('',*,*,#1775,.F.);
#2251=ORIENTED_EDGE('',*,*,#1670,.T.);
#2252=ORIENTED_EDGE('',*,*,#1777,.T.);
#2253=ORIENTED_EDGE('',*,*,#1712,.F.);
#2254=ORIENTED_EDGE('',*,*,#1778,.F.);
#2255=ORIENTED_EDGE('',*,*,#1645,.T.);
#2256=ORIENTED_EDGE('',*,*,#1776,.T.);
#2257=ORIENTED_EDGE('',*,*,#1737,.F.);
#2258=ORIENTED_EDGE('',*,*,#1777,.F.);
#2259=ORIENTED_EDGE('',*,*,#1669,.T.);
#2260=ORIENTED_EDGE('',*,*,#1779,.T.);
#2261=ORIENTED_EDGE('',*,*,#1713,.F.);
#2262=ORIENTED_EDGE('',*,*,#1780,.F.);
#2263=ORIENTED_EDGE('',*,*,#1646,.T.);
#2264=ORIENTED_EDGE('',*,*,#1778,.T.);
#2265=ORIENTED_EDGE('',*,*,#1736,.F.);
#2266=ORIENTED_EDGE('',*,*,#1779,.F.);
#2267=ORIENTED_EDGE('',*,*,#1668,.T.);
#2268=ORIENTED_EDGE('',*,*,#1781,.T.);
#2269=ORIENTED_EDGE('',*,*,#1714,.F.);
#2270=ORIENTED_EDGE('',*,*,#1782,.F.);
#2271=ORIENTED_EDGE('',*,*,#1647,.T.);
#2272=ORIENTED_EDGE('',*,*,#1780,.T.);
#2273=ORIENTED_EDGE('',*,*,#1735,.F.);
#2274=ORIENTED_EDGE('',*,*,#1781,.F.);
#2275=ORIENTED_EDGE('',*,*,#1667,.T.);
#2276=ORIENTED_EDGE('',*,*,#1783,.T.);
#2277=ORIENTED_EDGE('',*,*,#1715,.F.);
#2278=ORIENTED_EDGE('',*,*,#1784,.F.);
#2279=ORIENTED_EDGE('',*,*,#1648,.T.);
#2280=ORIENTED_EDGE('',*,*,#1782,.T.);
#2281=ORIENTED_EDGE('',*,*,#1734,.F.);
#2282=ORIENTED_EDGE('',*,*,#1783,.F.);
#2283=ORIENTED_EDGE('',*,*,#1666,.T.);
#2284=ORIENTED_EDGE('',*,*,#1785,.T.);
#2285=ORIENTED_EDGE('',*,*,#1716,.F.);
#2286=ORIENTED_EDGE('',*,*,#1786,.F.);
#2287=ORIENTED_EDGE('',*,*,#1649,.T.);
#2288=ORIENTED_EDGE('',*,*,#1784,.T.);
#2289=ORIENTED_EDGE('',*,*,#1733,.F.);
#2290=ORIENTED_EDGE('',*,*,#1785,.F.);
#2291=ORIENTED_EDGE('',*,*,#1665,.T.);
#2292=ORIENTED_EDGE('',*,*,#1787,.T.);
#2293=ORIENTED_EDGE('',*,*,#1717,.F.);
#2294=ORIENTED_EDGE('',*,*,#1788,.F.);
#2295=ORIENTED_EDGE('',*,*,#1650,.T.);
#2296=ORIENTED_EDGE('',*,*,#1786,.T.);
#2297=ORIENTED_EDGE('',*,*,#1732,.F.);
#2298=ORIENTED_EDGE('',*,*,#1787,.F.);
#2299=ORIENTED_EDGE('',*,*,#1664,.T.);
#2300=ORIENTED_EDGE('',*,*,#1789,.T.);
#2301=ORIENTED_EDGE('',*,*,#1718,.F.);
#2302=ORIENTED_EDGE('',*,*,#1790,.F.);
#2303=ORIENTED_EDGE('',*,*,#1651,.T.);
#2304=ORIENTED_EDGE('',*,*,#1788,.T.);
#2305=ORIENTED_EDGE('',*,*,#1731,.F.);
#2306=ORIENTED_EDGE('',*,*,#1789,.F.);
#2307=ORIENTED_EDGE('',*,*,#1663,.T.);
#2308=ORIENTED_EDGE('',*,*,#1791,.T.);
#2309=ORIENTED_EDGE('',*,*,#1719,.F.);
#2310=ORIENTED_EDGE('',*,*,#1792,.F.);
#2311=ORIENTED_EDGE('',*,*,#1652,.T.);
#2312=ORIENTED_EDGE('',*,*,#1790,.T.);
#2313=ORIENTED_EDGE('',*,*,#1730,.F.);
#2314=ORIENTED_EDGE('',*,*,#1791,.F.);
#2315=ORIENTED_EDGE('',*,*,#1662,.T.);
#2316=ORIENTED_EDGE('',*,*,#1793,.T.);
#2317=ORIENTED_EDGE('',*,*,#1720,.F.);
#2318=ORIENTED_EDGE('',*,*,#1794,.F.);
#2319=ORIENTED_EDGE('',*,*,#1653,.T.);
#2320=ORIENTED_EDGE('',*,*,#1792,.T.);
#2321=ORIENTED_EDGE('',*,*,#1729,.F.);
#2322=ORIENTED_EDGE('',*,*,#1793,.F.);
#2323=ORIENTED_EDGE('',*,*,#1661,.T.);
#2324=ORIENTED_EDGE('',*,*,#1795,.T.);
#2325=ORIENTED_EDGE('',*,*,#1721,.F.);
#2326=ORIENTED_EDGE('',*,*,#1796,.F.);
#2327=ORIENTED_EDGE('',*,*,#1654,.T.);
#2328=ORIENTED_EDGE('',*,*,#1794,.T.);
#2329=ORIENTED_EDGE('',*,*,#1728,.F.);
#2330=ORIENTED_EDGE('',*,*,#1795,.F.);
#2331=ORIENTED_EDGE('',*,*,#1660,.T.);
#2332=ORIENTED_EDGE('',*,*,#1797,.T.);
#2333=ORIENTED_EDGE('',*,*,#1722,.F.);
#2334=ORIENTED_EDGE('',*,*,#1798,.F.);
#2335=ORIENTED_EDGE('',*,*,#1655,.T.);
#2336=ORIENTED_EDGE('',*,*,#1796,.T.);
#2337=ORIENTED_EDGE('',*,*,#1727,.F.);
#2338=ORIENTED_EDGE('',*,*,#1797,.F.);
#2339=ORIENTED_EDGE('',*,*,#1659,.T.);
#2340=ORIENTED_EDGE('',*,*,#1799,.T.);
#2341=ORIENTED_EDGE('',*,*,#1723,.F.);
#2342=ORIENTED_EDGE('',*,*,#1800,.F.);
#2343=ORIENTED_EDGE('',*,*,#1656,.T.);
#2344=ORIENTED_EDGE('',*,*,#1798,.T.);
#2345=ORIENTED_EDGE('',*,*,#1726,.F.);
#2346=ORIENTED_EDGE('',*,*,#1799,.F.);
#2347=ORIENTED_EDGE('',*,*,#1658,.T.);
#2348=ORIENTED_EDGE('',*,*,#1801,.T.);
#2349=ORIENTED_EDGE('',*,*,#1724,.F.);
#2350=ORIENTED_EDGE('',*,*,#1801,.F.);
#2351=ORIENTED_EDGE('',*,*,#1657,.T.);
#2352=ORIENTED_EDGE('',*,*,#1800,.T.);
#2353=ORIENTED_EDGE('',*,*,#1725,.F.);
#2354=ORIENTED_EDGE('',*,*,#1802,.T.);
#2355=ORIENTED_EDGE('',*,*,#1673,.T.);
#2356=ORIENTED_EDGE('',*,*,#1803,.F.);
#2357=ORIENTED_EDGE('',*,*,#1804,.T.);
#2358=ORIENTED_EDGE('',*,*,#1802,.F.);
#2359=ORIENTED_EDGE('',*,*,#1805,.T.);
#2360=ORIENTED_EDGE('',*,*,#1806,.T.);
#2361=ORIENTED_EDGE('',*,*,#1674,.F.);
#2362=ORIENTED_EDGE('',*,*,#1806,.F.);
#2363=ORIENTED_EDGE('',*,*,#1807,.F.);
#2364=ORIENTED_EDGE('',*,*,#1808,.T.);
#2365=ORIENTED_EDGE('',*,*,#1675,.F.);
#2366=ORIENTED_EDGE('',*,*,#1803,.T.);
#2367=ORIENTED_EDGE('',*,*,#1676,.T.);
#2368=ORIENTED_EDGE('',*,*,#1808,.F.);
#2369=ORIENTED_EDGE('',*,*,#1809,.F.);
#2370=ORIENTED_EDGE('',*,*,#1810,.F.);
#2371=ORIENTED_EDGE('',*,*,#1811,.T.);
#2372=ORIENTED_EDGE('',*,*,#1812,.T.);
#2373=ORIENTED_EDGE('',*,*,#1677,.F.);
#2374=ORIENTED_EDGE('',*,*,#1812,.F.);
#2375=ORIENTED_EDGE('',*,*,#1813,.F.);
#2376=ORIENTED_EDGE('',*,*,#1814,.T.);
#2377=ORIENTED_EDGE('',*,*,#1678,.F.);
#2378=ORIENTED_EDGE('',*,*,#1815,.T.);
#2379=ORIENTED_EDGE('',*,*,#1679,.T.);
#2380=ORIENTED_EDGE('',*,*,#1814,.F.);
#2381=ORIENTED_EDGE('',*,*,#1816,.F.);
#2382=ORIENTED_EDGE('',*,*,#1810,.T.);
#2383=ORIENTED_EDGE('',*,*,#1680,.T.);
#2384=ORIENTED_EDGE('',*,*,#1815,.F.);
#2385=ORIENTED_EDGE('',*,*,#1817,.T.);
#2386=ORIENTED_EDGE('',*,*,#1818,.F.);
#2387=ORIENTED_EDGE('',*,*,#1819,.F.);
#2388=ORIENTED_EDGE('',*,*,#1820,.T.);
#2389=ORIENTED_EDGE('',*,*,#1681,.F.);
#2390=ORIENTED_EDGE('',*,*,#1821,.T.);
#2391=ORIENTED_EDGE('',*,*,#1682,.T.);
#2392=ORIENTED_EDGE('',*,*,#1820,.F.);
#2393=ORIENTED_EDGE('',*,*,#1822,.F.);
#2394=ORIENTED_EDGE('',*,*,#1823,.T.);
#2395=ORIENTED_EDGE('',*,*,#1683,.T.);
#2396=ORIENTED_EDGE('',*,*,#1821,.F.);
#2397=ORIENTED_EDGE('',*,*,#1824,.T.);
#2398=ORIENTED_EDGE('',*,*,#1823,.F.);
#2399=ORIENTED_EDGE('',*,*,#1825,.T.);
#2400=ORIENTED_EDGE('',*,*,#1818,.T.);
#2401=ORIENTED_EDGE('',*,*,#1684,.F.);
#2402=ORIENTED_EDGE('',*,*,#1826,.T.);
#2403=ORIENTED_EDGE('',*,*,#1685,.T.);
#2404=ORIENTED_EDGE('',*,*,#1827,.F.);
#2405=ORIENTED_EDGE('',*,*,#1828,.T.);
#2406=ORIENTED_EDGE('',*,*,#1826,.F.);
#2407=ORIENTED_EDGE('',*,*,#1829,.T.);
#2408=ORIENTED_EDGE('',*,*,#1830,.T.);
#2409=ORIENTED_EDGE('',*,*,#1686,.F.);
#2410=ORIENTED_EDGE('',*,*,#1830,.F.);
#2411=ORIENTED_EDGE('',*,*,#1831,.F.);
#2412=ORIENTED_EDGE('',*,*,#1832,.T.);
#2413=ORIENTED_EDGE('',*,*,#1687,.F.);
#2414=ORIENTED_EDGE('',*,*,#1827,.T.);
#2415=ORIENTED_EDGE('',*,*,#1688,.T.);
#2416=ORIENTED_EDGE('',*,*,#1832,.F.);
#2417=ORIENTED_EDGE('',*,*,#1833,.F.);
#2418=ORIENTED_EDGE('',*,*,#1834,.T.);
#2419=ORIENTED_EDGE('',*,*,#1689,.T.);
#2420=ORIENTED_EDGE('',*,*,#1835,.F.);
#2421=ORIENTED_EDGE('',*,*,#1836,.T.);
#2422=ORIENTED_EDGE('',*,*,#1834,.F.);
#2423=ORIENTED_EDGE('',*,*,#1837,.T.);
#2424=ORIENTED_EDGE('',*,*,#1838,.T.);
#2425=ORIENTED_EDGE('',*,*,#1690,.F.);
#2426=ORIENTED_EDGE('',*,*,#1838,.F.);
#2427=ORIENTED_EDGE('',*,*,#1839,.F.);
#2428=ORIENTED_EDGE('',*,*,#1840,.T.);
#2429=ORIENTED_EDGE('',*,*,#1691,.F.);
#2430=ORIENTED_EDGE('',*,*,#1835,.T.);
#2431=ORIENTED_EDGE('',*,*,#1692,.T.);
#2432=ORIENTED_EDGE('',*,*,#1840,.F.);
#2433=ORIENTED_EDGE('',*,*,#1841,.F.);
#2434=ORIENTED_EDGE('',*,*,#1842,.T.);
#2435=ORIENTED_EDGE('',*,*,#1693,.T.);
#2436=ORIENTED_EDGE('',*,*,#1843,.F.);
#2437=ORIENTED_EDGE('',*,*,#1844,.T.);
#2438=ORIENTED_EDGE('',*,*,#1842,.F.);
#2439=ORIENTED_EDGE('',*,*,#1845,.T.);
#2440=ORIENTED_EDGE('',*,*,#1846,.T.);
#2441=ORIENTED_EDGE('',*,*,#1694,.F.);
#2442=ORIENTED_EDGE('',*,*,#1846,.F.);
#2443=ORIENTED_EDGE('',*,*,#1847,.F.);
#2444=ORIENTED_EDGE('',*,*,#1848,.T.);
#2445=ORIENTED_EDGE('',*,*,#1695,.F.);
#2446=ORIENTED_EDGE('',*,*,#1843,.T.);
#2447=ORIENTED_EDGE('',*,*,#1696,.T.);
#2448=ORIENTED_EDGE('',*,*,#1848,.F.);
#2449=ORIENTED_EDGE('',*,*,#1849,.F.);
#2450=ORIENTED_EDGE('',*,*,#1850,.F.);
#2451=ORIENTED_EDGE('',*,*,#1851,.F.);
#2452=ORIENTED_EDGE('',*,*,#1852,.T.);
#2453=ORIENTED_EDGE('',*,*,#1697,.F.);
#2454=ORIENTED_EDGE('',*,*,#1853,.T.);
#2455=ORIENTED_EDGE('',*,*,#1698,.T.);
#2456=ORIENTED_EDGE('',*,*,#1852,.F.);
#2457=ORIENTED_EDGE('',*,*,#1854,.F.);
#2458=ORIENTED_EDGE('',*,*,#1855,.T.);
#2459=ORIENTED_EDGE('',*,*,#1699,.T.);
#2460=ORIENTED_EDGE('',*,*,#1853,.F.);
#2461=ORIENTED_EDGE('',*,*,#1856,.T.);
#2462=ORIENTED_EDGE('',*,*,#1855,.F.);
#2463=ORIENTED_EDGE('',*,*,#1857,.T.);
#2464=ORIENTED_EDGE('',*,*,#1850,.T.);
#2465=ORIENTED_EDGE('',*,*,#1700,.F.);
#2466=ORIENTED_EDGE('',*,*,#1858,.F.);
#2467=ORIENTED_EDGE('',*,*,#1859,.F.);
#2468=ORIENTED_EDGE('',*,*,#1860,.T.);
#2469=ORIENTED_EDGE('',*,*,#1701,.F.);
#2470=ORIENTED_EDGE('',*,*,#1861,.T.);
#2471=ORIENTED_EDGE('',*,*,#1702,.T.);
#2472=ORIENTED_EDGE('',*,*,#1860,.F.);
#2473=ORIENTED_EDGE('',*,*,#1862,.F.);
#2474=ORIENTED_EDGE('',*,*,#1863,.T.);
#2475=ORIENTED_EDGE('',*,*,#1703,.T.);
#2476=ORIENTED_EDGE('',*,*,#1861,.F.);
#2477=ORIENTED_EDGE('',*,*,#1864,.T.);
#2478=ORIENTED_EDGE('',*,*,#1863,.F.);
#2479=ORIENTED_EDGE('',*,*,#1865,.T.);
#2480=ORIENTED_EDGE('',*,*,#1858,.T.);
#2481=ORIENTED_EDGE('',*,*,#1704,.F.);
#2482=ORIENTED_EDGE('',*,*,#1866,.F.);
#2483=ORIENTED_EDGE('',*,*,#1867,.F.);
#2484=ORIENTED_EDGE('',*,*,#1868,.T.);
#2485=ORIENTED_EDGE('',*,*,#1705,.F.);
#2486=ORIENTED_EDGE('',*,*,#1869,.T.);
#2487=ORIENTED_EDGE('',*,*,#1706,.T.);
#2488=ORIENTED_EDGE('',*,*,#1868,.F.);
#2489=ORIENTED_EDGE('',*,*,#1870,.F.);
#2490=ORIENTED_EDGE('',*,*,#1871,.T.);
#2491=ORIENTED_EDGE('',*,*,#1707,.T.);
#2492=ORIENTED_EDGE('',*,*,#1869,.F.);
#2493=ORIENTED_EDGE('',*,*,#1872,.T.);
#2494=ORIENTED_EDGE('',*,*,#1871,.F.);
#2495=ORIENTED_EDGE('',*,*,#1873,.T.);
#2496=ORIENTED_EDGE('',*,*,#1866,.T.);
#2497=ORIENTED_EDGE('',*,*,#1708,.F.);
#2498=ORIENTED_EDGE('',*,*,#1874,.T.);
#2499=ORIENTED_EDGE('',*,*,#1875,.F.);
#2500=ORIENTED_EDGE('',*,*,#1876,.F.);
#2501=ORIENTED_EDGE('',*,*,#1738,.F.);
#2502=ORIENTED_EDGE('',*,*,#1874,.F.);
#2503=ORIENTED_EDGE('',*,*,#1741,.T.);
#2504=ORIENTED_EDGE('',*,*,#1877,.T.);
#2505=ORIENTED_EDGE('',*,*,#1878,.F.);
#2506=ORIENTED_EDGE('',*,*,#1877,.F.);
#2507=ORIENTED_EDGE('',*,*,#1740,.T.);
#2508=ORIENTED_EDGE('',*,*,#1879,.T.);
#2509=ORIENTED_EDGE('',*,*,#1880,.T.);
#2510=ORIENTED_EDGE('',*,*,#1876,.T.);
#2511=ORIENTED_EDGE('',*,*,#1881,.T.);
#2512=ORIENTED_EDGE('',*,*,#1879,.F.);
#2513=ORIENTED_EDGE('',*,*,#1739,.F.);
#2514=ORIENTED_EDGE('',*,*,#1882,.F.);
#2515=ORIENTED_EDGE('',*,*,#1742,.T.);
#2516=ORIENTED_EDGE('',*,*,#1883,.T.);
#2517=ORIENTED_EDGE('',*,*,#1884,.F.);
#2518=ORIENTED_EDGE('',*,*,#1883,.F.);
#2519=ORIENTED_EDGE('',*,*,#1745,.T.);
#2520=ORIENTED_EDGE('',*,*,#1885,.T.);
#2521=ORIENTED_EDGE('',*,*,#1886,.T.);
#2522=ORIENTED_EDGE('',*,*,#1887,.T.);
#2523=ORIENTED_EDGE('',*,*,#1888,.T.);
#2524=ORIENTED_EDGE('',*,*,#1885,.F.);
#2525=ORIENTED_EDGE('',*,*,#1744,.F.);
#2526=ORIENTED_EDGE('',*,*,#1882,.T.);
#2527=ORIENTED_EDGE('',*,*,#1889,.F.);
#2528=ORIENTED_EDGE('',*,*,#1887,.F.);
#2529=ORIENTED_EDGE('',*,*,#1743,.F.);
#2530=ORIENTED_EDGE('',*,*,#1890,.F.);
#2531=ORIENTED_EDGE('',*,*,#1746,.T.);
#2532=ORIENTED_EDGE('',*,*,#1891,.T.);
#2533=ORIENTED_EDGE('',*,*,#1892,.T.);
#2534=ORIENTED_EDGE('',*,*,#1893,.T.);
#2535=ORIENTED_EDGE('',*,*,#1894,.T.);
#2536=ORIENTED_EDGE('',*,*,#1891,.F.);
#2537=ORIENTED_EDGE('',*,*,#1749,.F.);
#2538=ORIENTED_EDGE('',*,*,#1895,.T.);
#2539=ORIENTED_EDGE('',*,*,#1896,.F.);
#2540=ORIENTED_EDGE('',*,*,#1893,.F.);
#2541=ORIENTED_EDGE('',*,*,#1748,.F.);
#2542=ORIENTED_EDGE('',*,*,#1895,.F.);
#2543=ORIENTED_EDGE('',*,*,#1747,.T.);
#2544=ORIENTED_EDGE('',*,*,#1890,.T.);
#2545=ORIENTED_EDGE('',*,*,#1897,.F.);
#2546=ORIENTED_EDGE('',*,*,#1898,.T.);
#2547=ORIENTED_EDGE('',*,*,#1899,.F.);
#2548=ORIENTED_EDGE('',*,*,#1900,.F.);
#2549=ORIENTED_EDGE('',*,*,#1750,.F.);
#2550=ORIENTED_EDGE('',*,*,#1898,.F.);
#2551=ORIENTED_EDGE('',*,*,#1753,.T.);
#2552=ORIENTED_EDGE('',*,*,#1901,.T.);
#2553=ORIENTED_EDGE('',*,*,#1902,.F.);
#2554=ORIENTED_EDGE('',*,*,#1901,.F.);
#2555=ORIENTED_EDGE('',*,*,#1752,.T.);
#2556=ORIENTED_EDGE('',*,*,#1903,.T.);
#2557=ORIENTED_EDGE('',*,*,#1904,.T.);
#2558=ORIENTED_EDGE('',*,*,#1900,.T.);
#2559=ORIENTED_EDGE('',*,*,#1905,.T.);
#2560=ORIENTED_EDGE('',*,*,#1903,.F.);
#2561=ORIENTED_EDGE('',*,*,#1751,.F.);
#2562=ORIENTED_EDGE('',*,*,#1906,.T.);
#2563=ORIENTED_EDGE('',*,*,#1907,.F.);
#2564=ORIENTED_EDGE('',*,*,#1908,.F.);
#2565=ORIENTED_EDGE('',*,*,#1754,.F.);
#2566=ORIENTED_EDGE('',*,*,#1906,.F.);
#2567=ORIENTED_EDGE('',*,*,#1757,.T.);
#2568=ORIENTED_EDGE('',*,*,#1909,.T.);
#2569=ORIENTED_EDGE('',*,*,#1910,.F.);
#2570=ORIENTED_EDGE('',*,*,#1909,.F.);
#2571=ORIENTED_EDGE('',*,*,#1756,.T.);
#2572=ORIENTED_EDGE('',*,*,#1911,.T.);
#2573=ORIENTED_EDGE('',*,*,#1912,.T.);
#2574=ORIENTED_EDGE('',*,*,#1908,.T.);
#2575=ORIENTED_EDGE('',*,*,#1913,.T.);
#2576=ORIENTED_EDGE('',*,*,#1911,.F.);
#2577=ORIENTED_EDGE('',*,*,#1755,.F.);
#2578=ORIENTED_EDGE('',*,*,#1914,.T.);
#2579=ORIENTED_EDGE('',*,*,#1915,.F.);
#2580=ORIENTED_EDGE('',*,*,#1916,.F.);
#2581=ORIENTED_EDGE('',*,*,#1758,.F.);
#2582=ORIENTED_EDGE('',*,*,#1914,.F.);
#2583=ORIENTED_EDGE('',*,*,#1761,.T.);
#2584=ORIENTED_EDGE('',*,*,#1917,.T.);
#2585=ORIENTED_EDGE('',*,*,#1918,.F.);
#2586=ORIENTED_EDGE('',*,*,#1917,.F.);
#2587=ORIENTED_EDGE('',*,*,#1760,.T.);
#2588=ORIENTED_EDGE('',*,*,#1919,.T.);
#2589=ORIENTED_EDGE('',*,*,#1920,.T.);
#2590=ORIENTED_EDGE('',*,*,#1916,.T.);
#2591=ORIENTED_EDGE('',*,*,#1921,.T.);
#2592=ORIENTED_EDGE('',*,*,#1919,.F.);
#2593=ORIENTED_EDGE('',*,*,#1759,.F.);
#2594=ORIENTED_EDGE('',*,*,#1922,.F.);
#2595=ORIENTED_EDGE('',*,*,#1762,.T.);
#2596=ORIENTED_EDGE('',*,*,#1923,.T.);
#2597=ORIENTED_EDGE('',*,*,#1924,.T.);
#2598=ORIENTED_EDGE('',*,*,#1925,.T.);
#2599=ORIENTED_EDGE('',*,*,#1926,.T.);
#2600=ORIENTED_EDGE('',*,*,#1923,.F.);
#2601=ORIENTED_EDGE('',*,*,#1765,.F.);
#2602=ORIENTED_EDGE('',*,*,#1927,.T.);
#2603=ORIENTED_EDGE('',*,*,#1928,.F.);
#2604=ORIENTED_EDGE('',*,*,#1925,.F.);
#2605=ORIENTED_EDGE('',*,*,#1764,.F.);
#2606=ORIENTED_EDGE('',*,*,#1927,.F.);
#2607=ORIENTED_EDGE('',*,*,#1763,.T.);
#2608=ORIENTED_EDGE('',*,*,#1922,.T.);
#2609=ORIENTED_EDGE('',*,*,#1929,.F.);
#2610=ORIENTED_EDGE('',*,*,#1930,.F.);
#2611=ORIENTED_EDGE('',*,*,#1766,.T.);
#2612=ORIENTED_EDGE('',*,*,#1931,.T.);
#2613=ORIENTED_EDGE('',*,*,#1932,.T.);
#2614=ORIENTED_EDGE('',*,*,#1933,.T.);
#2615=ORIENTED_EDGE('',*,*,#1934,.T.);
#2616=ORIENTED_EDGE('',*,*,#1931,.F.);
#2617=ORIENTED_EDGE('',*,*,#1769,.F.);
#2618=ORIENTED_EDGE('',*,*,#1935,.T.);
#2619=ORIENTED_EDGE('',*,*,#1936,.F.);
#2620=ORIENTED_EDGE('',*,*,#1933,.F.);
#2621=ORIENTED_EDGE('',*,*,#1768,.F.);
#2622=ORIENTED_EDGE('',*,*,#1935,.F.);
#2623=ORIENTED_EDGE('',*,*,#1767,.T.);
#2624=ORIENTED_EDGE('',*,*,#1930,.T.);
#2625=ORIENTED_EDGE('',*,*,#1937,.F.);
#2626=ORIENTED_EDGE('',*,*,#1938,.F.);
#2627=ORIENTED_EDGE('',*,*,#1770,.T.);
#2628=ORIENTED_EDGE('',*,*,#1939,.T.);
#2629=ORIENTED_EDGE('',*,*,#1940,.T.);
#2630=ORIENTED_EDGE('',*,*,#1941,.T.);
#2631=ORIENTED_EDGE('',*,*,#1942,.T.);
#2632=ORIENTED_EDGE('',*,*,#1939,.F.);
#2633=ORIENTED_EDGE('',*,*,#1773,.F.);
#2634=ORIENTED_EDGE('',*,*,#1943,.T.);
#2635=ORIENTED_EDGE('',*,*,#1944,.F.);
#2636=ORIENTED_EDGE('',*,*,#1941,.F.);
#2637=ORIENTED_EDGE('',*,*,#1772,.F.);
#2638=ORIENTED_EDGE('',*,*,#1943,.F.);
#2639=ORIENTED_EDGE('',*,*,#1771,.T.);
#2640=ORIENTED_EDGE('',*,*,#1938,.T.);
#2641=ORIENTED_EDGE('',*,*,#1945,.F.);
#2642=ORIENTED_EDGE('',*,*,#1946,.T.);
#2643=ORIENTED_EDGE('',*,*,#1947,.T.);
#2644=ORIENTED_EDGE('',*,*,#1948,.F.);
#2645=ORIENTED_EDGE('',*,*,#1804,.F.);
#2646=ORIENTED_EDGE('',*,*,#1948,.T.);
#2647=ORIENTED_EDGE('',*,*,#1949,.T.);
#2648=ORIENTED_EDGE('',*,*,#1950,.F.);
#2649=ORIENTED_EDGE('',*,*,#1805,.F.);
#2650=ORIENTED_EDGE('',*,*,#1951,.F.);
#2651=ORIENTED_EDGE('',*,*,#1807,.T.);
#2652=ORIENTED_EDGE('',*,*,#1950,.T.);
#2653=ORIENTED_EDGE('',*,*,#1952,.F.);
#2654=ORIENTED_EDGE('',*,*,#1946,.F.);
#2655=ORIENTED_EDGE('',*,*,#1809,.T.);
#2656=ORIENTED_EDGE('',*,*,#1951,.T.);
#2657=ORIENTED_EDGE('',*,*,#1953,.F.);
#2658=ORIENTED_EDGE('',*,*,#1954,.T.);
#2659=ORIENTED_EDGE('',*,*,#1955,.T.);
#2660=ORIENTED_EDGE('',*,*,#1956,.F.);
#2661=ORIENTED_EDGE('',*,*,#1811,.F.);
#2662=ORIENTED_EDGE('',*,*,#1957,.F.);
#2663=ORIENTED_EDGE('',*,*,#1813,.T.);
#2664=ORIENTED_EDGE('',*,*,#1956,.T.);
#2665=ORIENTED_EDGE('',*,*,#1958,.F.);
#2666=ORIENTED_EDGE('',*,*,#1959,.F.);
#2667=ORIENTED_EDGE('',*,*,#1816,.T.);
#2668=ORIENTED_EDGE('',*,*,#1957,.T.);
#2669=ORIENTED_EDGE('',*,*,#1960,.F.);
#2670=ORIENTED_EDGE('',*,*,#1959,.T.);
#2671=ORIENTED_EDGE('',*,*,#1961,.T.);
#2672=ORIENTED_EDGE('',*,*,#1954,.F.);
#2673=ORIENTED_EDGE('',*,*,#1817,.F.);
#2674=ORIENTED_EDGE('',*,*,#1962,.F.);
#2675=ORIENTED_EDGE('',*,*,#1819,.T.);
#2676=ORIENTED_EDGE('',*,*,#1963,.T.);
#2677=ORIENTED_EDGE('',*,*,#1964,.F.);
#2678=ORIENTED_EDGE('',*,*,#1965,.F.);
#2679=ORIENTED_EDGE('',*,*,#1822,.T.);
#2680=ORIENTED_EDGE('',*,*,#1962,.T.);
#2681=ORIENTED_EDGE('',*,*,#1966,.F.);
#2682=ORIENTED_EDGE('',*,*,#1965,.T.);
#2683=ORIENTED_EDGE('',*,*,#1967,.T.);
#2684=ORIENTED_EDGE('',*,*,#1968,.F.);
#2685=ORIENTED_EDGE('',*,*,#1824,.F.);
#2686=ORIENTED_EDGE('',*,*,#1968,.T.);
#2687=ORIENTED_EDGE('',*,*,#1969,.T.);
#2688=ORIENTED_EDGE('',*,*,#1963,.F.);
#2689=ORIENTED_EDGE('',*,*,#1825,.F.);
#2690=ORIENTED_EDGE('',*,*,#1970,.T.);
#2691=ORIENTED_EDGE('',*,*,#1971,.T.);
#2692=ORIENTED_EDGE('',*,*,#1972,.F.);
#2693=ORIENTED_EDGE('',*,*,#1828,.F.);
#2694=ORIENTED_EDGE('',*,*,#1972,.T.);
#2695=ORIENTED_EDGE('',*,*,#1973,.T.);
#2696=ORIENTED_EDGE('',*,*,#1974,.F.);
#2697=ORIENTED_EDGE('',*,*,#1829,.F.);
#2698=ORIENTED_EDGE('',*,*,#1975,.F.);
#2699=ORIENTED_EDGE('',*,*,#1831,.T.);
#2700=ORIENTED_EDGE('',*,*,#1974,.T.);
#2701=ORIENTED_EDGE('',*,*,#1976,.F.);
#2702=ORIENTED_EDGE('',*,*,#1970,.F.);
#2703=ORIENTED_EDGE('',*,*,#1833,.T.);
#2704=ORIENTED_EDGE('',*,*,#1975,.T.);
#2705=ORIENTED_EDGE('',*,*,#1977,.F.);
#2706=ORIENTED_EDGE('',*,*,#1978,.T.);
#2707=ORIENTED_EDGE('',*,*,#1979,.T.);
#2708=ORIENTED_EDGE('',*,*,#1980,.F.);
#2709=ORIENTED_EDGE('',*,*,#1836,.F.);
#2710=ORIENTED_EDGE('',*,*,#1980,.T.);
#2711=ORIENTED_EDGE('',*,*,#1981,.T.);
#2712=ORIENTED_EDGE('',*,*,#1982,.F.);
#2713=ORIENTED_EDGE('',*,*,#1837,.F.);
#2714=ORIENTED_EDGE('',*,*,#1983,.F.);
#2715=ORIENTED_EDGE('',*,*,#1839,.T.);
#2716=ORIENTED_EDGE('',*,*,#1982,.T.);
#2717=ORIENTED_EDGE('',*,*,#1984,.F.);
#2718=ORIENTED_EDGE('',*,*,#1978,.F.);
#2719=ORIENTED_EDGE('',*,*,#1841,.T.);
#2720=ORIENTED_EDGE('',*,*,#1983,.T.);
#2721=ORIENTED_EDGE('',*,*,#1985,.F.);
#2722=ORIENTED_EDGE('',*,*,#1986,.T.);
#2723=ORIENTED_EDGE('',*,*,#1987,.T.);
#2724=ORIENTED_EDGE('',*,*,#1988,.F.);
#2725=ORIENTED_EDGE('',*,*,#1844,.F.);
#2726=ORIENTED_EDGE('',*,*,#1988,.T.);
#2727=ORIENTED_EDGE('',*,*,#1989,.T.);
#2728=ORIENTED_EDGE('',*,*,#1990,.F.);
#2729=ORIENTED_EDGE('',*,*,#1845,.F.);
#2730=ORIENTED_EDGE('',*,*,#1991,.F.);
#2731=ORIENTED_EDGE('',*,*,#1847,.T.);
#2732=ORIENTED_EDGE('',*,*,#1990,.T.);
#2733=ORIENTED_EDGE('',*,*,#1992,.F.);
#2734=ORIENTED_EDGE('',*,*,#1986,.F.);
#2735=ORIENTED_EDGE('',*,*,#1849,.T.);
#2736=ORIENTED_EDGE('',*,*,#1991,.T.);
#2737=ORIENTED_EDGE('',*,*,#1993,.F.);
#2738=ORIENTED_EDGE('',*,*,#1994,.F.);
#2739=ORIENTED_EDGE('',*,*,#1851,.T.);
#2740=ORIENTED_EDGE('',*,*,#1995,.T.);
#2741=ORIENTED_EDGE('',*,*,#1996,.F.);
#2742=ORIENTED_EDGE('',*,*,#1997,.F.);
#2743=ORIENTED_EDGE('',*,*,#1854,.T.);
#2744=ORIENTED_EDGE('',*,*,#1994,.T.);
#2745=ORIENTED_EDGE('',*,*,#1998,.F.);
#2746=ORIENTED_EDGE('',*,*,#1997,.T.);
#2747=ORIENTED_EDGE('',*,*,#1999,.T.);
#2748=ORIENTED_EDGE('',*,*,#2000,.F.);
#2749=ORIENTED_EDGE('',*,*,#1856,.F.);
#2750=ORIENTED_EDGE('',*,*,#2000,.T.);
#2751=ORIENTED_EDGE('',*,*,#2001,.T.);
#2752=ORIENTED_EDGE('',*,*,#1995,.F.);
#2753=ORIENTED_EDGE('',*,*,#1857,.F.);
#2754=ORIENTED_EDGE('',*,*,#2002,.F.);
#2755=ORIENTED_EDGE('',*,*,#1859,.T.);
#2756=ORIENTED_EDGE('',*,*,#2003,.T.);
#2757=ORIENTED_EDGE('',*,*,#2004,.F.);
#2758=ORIENTED_EDGE('',*,*,#2005,.F.);
#2759=ORIENTED_EDGE('',*,*,#1862,.T.);
#2760=ORIENTED_EDGE('',*,*,#2002,.T.);
#2761=ORIENTED_EDGE('',*,*,#2006,.F.);
#2762=ORIENTED_EDGE('',*,*,#2005,.T.);
#2763=ORIENTED_EDGE('',*,*,#2007,.T.);
#2764=ORIENTED_EDGE('',*,*,#2008,.F.);
#2765=ORIENTED_EDGE('',*,*,#1864,.F.);
#2766=ORIENTED_EDGE('',*,*,#2008,.T.);
#2767=ORIENTED_EDGE('',*,*,#2009,.T.);
#2768=ORIENTED_EDGE('',*,*,#2003,.F.);
#2769=ORIENTED_EDGE('',*,*,#1865,.F.);
#2770=ORIENTED_EDGE('',*,*,#2010,.F.);
#2771=ORIENTED_EDGE('',*,*,#1867,.T.);
#2772=ORIENTED_EDGE('',*,*,#2011,.T.);
#2773=ORIENTED_EDGE('',*,*,#2012,.F.);
#2774=ORIENTED_EDGE('',*,*,#2013,.F.);
#2775=ORIENTED_EDGE('',*,*,#1870,.T.);
#2776=ORIENTED_EDGE('',*,*,#2010,.T.);
#2777=ORIENTED_EDGE('',*,*,#2014,.F.);
#2778=ORIENTED_EDGE('',*,*,#2013,.T.);
#2779=ORIENTED_EDGE('',*,*,#2015,.T.);
#2780=ORIENTED_EDGE('',*,*,#2016,.F.);
#2781=ORIENTED_EDGE('',*,*,#1872,.F.);
#2782=ORIENTED_EDGE('',*,*,#2016,.T.);
#2783=ORIENTED_EDGE('',*,*,#2017,.T.);
#2784=ORIENTED_EDGE('',*,*,#2011,.F.);
#2785=ORIENTED_EDGE('',*,*,#1873,.F.);
#2786=ORIENTED_EDGE('',*,*,#2018,.F.);
#2787=ORIENTED_EDGE('',*,*,#1875,.T.);
#2788=ORIENTED_EDGE('',*,*,#2019,.T.);
#2789=ORIENTED_EDGE('',*,*,#2020,.F.);
#2790=ORIENTED_EDGE('',*,*,#2019,.F.);
#2791=ORIENTED_EDGE('',*,*,#1878,.T.);
#2792=ORIENTED_EDGE('',*,*,#2021,.T.);
#2793=ORIENTED_EDGE('',*,*,#2022,.F.);
#2794=ORIENTED_EDGE('',*,*,#2023,.T.);
#2795=ORIENTED_EDGE('',*,*,#2024,.T.);
#2796=ORIENTED_EDGE('',*,*,#2021,.F.);
#2797=ORIENTED_EDGE('',*,*,#1880,.F.);
#2798=ORIENTED_EDGE('',*,*,#2018,.T.);
#2799=ORIENTED_EDGE('',*,*,#2025,.T.);
#2800=ORIENTED_EDGE('',*,*,#2023,.F.);
#2801=ORIENTED_EDGE('',*,*,#1881,.F.);
#2802=ORIENTED_EDGE('',*,*,#2026,.F.);
#2803=ORIENTED_EDGE('',*,*,#1884,.T.);
#2804=ORIENTED_EDGE('',*,*,#2027,.T.);
#2805=ORIENTED_EDGE('',*,*,#2028,.F.);
#2806=ORIENTED_EDGE('',*,*,#2029,.T.);
#2807=ORIENTED_EDGE('',*,*,#2030,.T.);
#2808=ORIENTED_EDGE('',*,*,#2027,.F.);
#2809=ORIENTED_EDGE('',*,*,#1886,.F.);
#2810=ORIENTED_EDGE('',*,*,#2031,.T.);
#2811=ORIENTED_EDGE('',*,*,#2032,.T.);
#2812=ORIENTED_EDGE('',*,*,#2029,.F.);
#2813=ORIENTED_EDGE('',*,*,#1888,.F.);
#2814=ORIENTED_EDGE('',*,*,#2031,.F.);
#2815=ORIENTED_EDGE('',*,*,#1889,.T.);
#2816=ORIENTED_EDGE('',*,*,#2026,.T.);
#2817=ORIENTED_EDGE('',*,*,#2033,.F.);
#2818=ORIENTED_EDGE('',*,*,#2034,.T.);
#2819=ORIENTED_EDGE('',*,*,#2035,.T.);
#2820=ORIENTED_EDGE('',*,*,#2036,.F.);
#2821=ORIENTED_EDGE('',*,*,#1892,.F.);
#2822=ORIENTED_EDGE('',*,*,#2037,.T.);
#2823=ORIENTED_EDGE('',*,*,#2038,.T.);
#2824=ORIENTED_EDGE('',*,*,#2034,.F.);
#2825=ORIENTED_EDGE('',*,*,#1894,.F.);
#2826=ORIENTED_EDGE('',*,*,#2037,.F.);
#2827=ORIENTED_EDGE('',*,*,#1896,.T.);
#2828=ORIENTED_EDGE('',*,*,#2039,.T.);
#2829=ORIENTED_EDGE('',*,*,#2040,.F.);
#2830=ORIENTED_EDGE('',*,*,#2039,.F.);
#2831=ORIENTED_EDGE('',*,*,#1897,.T.);
#2832=ORIENTED_EDGE('',*,*,#2036,.T.);
#2833=ORIENTED_EDGE('',*,*,#2041,.F.);
#2834=ORIENTED_EDGE('',*,*,#2042,.F.);
#2835=ORIENTED_EDGE('',*,*,#1899,.T.);
#2836=ORIENTED_EDGE('',*,*,#2043,.T.);
#2837=ORIENTED_EDGE('',*,*,#2044,.F.);
#2838=ORIENTED_EDGE('',*,*,#2043,.F.);
#2839=ORIENTED_EDGE('',*,*,#1902,.T.);
#2840=ORIENTED_EDGE('',*,*,#2045,.T.);
#2841=ORIENTED_EDGE('',*,*,#2046,.F.);
#2842=ORIENTED_EDGE('',*,*,#2047,.T.);
#2843=ORIENTED_EDGE('',*,*,#2048,.T.);
#2844=ORIENTED_EDGE('',*,*,#2045,.F.);
#2845=ORIENTED_EDGE('',*,*,#1904,.F.);
#2846=ORIENTED_EDGE('',*,*,#2042,.T.);
#2847=ORIENTED_EDGE('',*,*,#2049,.T.);
#2848=ORIENTED_EDGE('',*,*,#2047,.F.);
#2849=ORIENTED_EDGE('',*,*,#1905,.F.);
#2850=ORIENTED_EDGE('',*,*,#2050,.F.);
#2851=ORIENTED_EDGE('',*,*,#1907,.T.);
#2852=ORIENTED_EDGE('',*,*,#2051,.T.);
#2853=ORIENTED_EDGE('',*,*,#2052,.F.);
#2854=ORIENTED_EDGE('',*,*,#2051,.F.);
#2855=ORIENTED_EDGE('',*,*,#1910,.T.);
#2856=ORIENTED_EDGE('',*,*,#2053,.T.);
#2857=ORIENTED_EDGE('',*,*,#2054,.F.);
#2858=ORIENTED_EDGE('',*,*,#2055,.T.);
#2859=ORIENTED_EDGE('',*,*,#2056,.T.);
#2860=ORIENTED_EDGE('',*,*,#2053,.F.);
#2861=ORIENTED_EDGE('',*,*,#1912,.F.);
#2862=ORIENTED_EDGE('',*,*,#2050,.T.);
#2863=ORIENTED_EDGE('',*,*,#2057,.T.);
#2864=ORIENTED_EDGE('',*,*,#2055,.F.);
#2865=ORIENTED_EDGE('',*,*,#1913,.F.);
#2866=ORIENTED_EDGE('',*,*,#2058,.F.);
#2867=ORIENTED_EDGE('',*,*,#1915,.T.);
#2868=ORIENTED_EDGE('',*,*,#2059,.T.);
#2869=ORIENTED_EDGE('',*,*,#2060,.F.);
#2870=ORIENTED_EDGE('',*,*,#2059,.F.);
#2871=ORIENTED_EDGE('',*,*,#1918,.T.);
#2872=ORIENTED_EDGE('',*,*,#2061,.T.);
#2873=ORIENTED_EDGE('',*,*,#2062,.F.);
#2874=ORIENTED_EDGE('',*,*,#2063,.T.);
#2875=ORIENTED_EDGE('',*,*,#2064,.T.);
#2876=ORIENTED_EDGE('',*,*,#2061,.F.);
#2877=ORIENTED_EDGE('',*,*,#1920,.F.);
#2878=ORIENTED_EDGE('',*,*,#2058,.T.);
#2879=ORIENTED_EDGE('',*,*,#2065,.T.);
#2880=ORIENTED_EDGE('',*,*,#2063,.F.);
#2881=ORIENTED_EDGE('',*,*,#1921,.F.);
#2882=ORIENTED_EDGE('',*,*,#2066,.T.);
#2883=ORIENTED_EDGE('',*,*,#2067,.T.);
#2884=ORIENTED_EDGE('',*,*,#2068,.F.);
#2885=ORIENTED_EDGE('',*,*,#1924,.F.);
#2886=ORIENTED_EDGE('',*,*,#2069,.T.);
#2887=ORIENTED_EDGE('',*,*,#2070,.T.);
#2888=ORIENTED_EDGE('',*,*,#2066,.F.);
#2889=ORIENTED_EDGE('',*,*,#1926,.F.);
#2890=ORIENTED_EDGE('',*,*,#2069,.F.);
#2891=ORIENTED_EDGE('',*,*,#1928,.T.);
#2892=ORIENTED_EDGE('',*,*,#2071,.T.);
#2893=ORIENTED_EDGE('',*,*,#2072,.F.);
#2894=ORIENTED_EDGE('',*,*,#2071,.F.);
#2895=ORIENTED_EDGE('',*,*,#1929,.T.);
#2896=ORIENTED_EDGE('',*,*,#2068,.T.);
#2897=ORIENTED_EDGE('',*,*,#2073,.F.);
#2898=ORIENTED_EDGE('',*,*,#2074,.T.);
#2899=ORIENTED_EDGE('',*,*,#2075,.T.);
#2900=ORIENTED_EDGE('',*,*,#2076,.F.);
#2901=ORIENTED_EDGE('',*,*,#1932,.F.);
#2902=ORIENTED_EDGE('',*,*,#2077,.T.);
#2903=ORIENTED_EDGE('',*,*,#2078,.T.);
#2904=ORIENTED_EDGE('',*,*,#2074,.F.);
#2905=ORIENTED_EDGE('',*,*,#1934,.F.);
#2906=ORIENTED_EDGE('',*,*,#2077,.F.);
#2907=ORIENTED_EDGE('',*,*,#1936,.T.);
#2908=ORIENTED_EDGE('',*,*,#2079,.T.);
#2909=ORIENTED_EDGE('',*,*,#2080,.F.);
#2910=ORIENTED_EDGE('',*,*,#2079,.F.);
#2911=ORIENTED_EDGE('',*,*,#1937,.T.);
#2912=ORIENTED_EDGE('',*,*,#2076,.T.);
#2913=ORIENTED_EDGE('',*,*,#2081,.F.);
#2914=ORIENTED_EDGE('',*,*,#2082,.T.);
#2915=ORIENTED_EDGE('',*,*,#2083,.T.);
#2916=ORIENTED_EDGE('',*,*,#2084,.F.);
#2917=ORIENTED_EDGE('',*,*,#1940,.F.);
#2918=ORIENTED_EDGE('',*,*,#2085,.T.);
#2919=ORIENTED_EDGE('',*,*,#2086,.T.);
#2920=ORIENTED_EDGE('',*,*,#2082,.F.);
#2921=ORIENTED_EDGE('',*,*,#1942,.F.);
#2922=ORIENTED_EDGE('',*,*,#2085,.F.);
#2923=ORIENTED_EDGE('',*,*,#1944,.T.);
#2924=ORIENTED_EDGE('',*,*,#2087,.T.);
#2925=ORIENTED_EDGE('',*,*,#2088,.F.);
#2926=ORIENTED_EDGE('',*,*,#2087,.F.);
#2927=ORIENTED_EDGE('',*,*,#1945,.T.);
#2928=ORIENTED_EDGE('',*,*,#2084,.T.);
#2929=ORIENTED_EDGE('',*,*,#2089,.F.);
#2930=ORIENTED_EDGE('',*,*,#1949,.F.);
#2931=ORIENTED_EDGE('',*,*,#1947,.F.);
#2932=ORIENTED_EDGE('',*,*,#1953,.T.);
#2933=ORIENTED_EDGE('',*,*,#1952,.T.);
#2934=ORIENTED_EDGE('',*,*,#1955,.F.);
#2935=ORIENTED_EDGE('',*,*,#1961,.F.);
#2936=ORIENTED_EDGE('',*,*,#1960,.T.);
#2937=ORIENTED_EDGE('',*,*,#1958,.T.);
#2938=ORIENTED_EDGE('',*,*,#1969,.F.);
#2939=ORIENTED_EDGE('',*,*,#1967,.F.);
#2940=ORIENTED_EDGE('',*,*,#1966,.T.);
#2941=ORIENTED_EDGE('',*,*,#1964,.T.);
#2942=ORIENTED_EDGE('',*,*,#1973,.F.);
#2943=ORIENTED_EDGE('',*,*,#1971,.F.);
#2944=ORIENTED_EDGE('',*,*,#1977,.T.);
#2945=ORIENTED_EDGE('',*,*,#1976,.T.);
#2946=ORIENTED_EDGE('',*,*,#1981,.F.);
#2947=ORIENTED_EDGE('',*,*,#1979,.F.);
#2948=ORIENTED_EDGE('',*,*,#1985,.T.);
#2949=ORIENTED_EDGE('',*,*,#1984,.T.);
#2950=ORIENTED_EDGE('',*,*,#1989,.F.);
#2951=ORIENTED_EDGE('',*,*,#1987,.F.);
#2952=ORIENTED_EDGE('',*,*,#1993,.T.);
#2953=ORIENTED_EDGE('',*,*,#1992,.T.);
#2954=ORIENTED_EDGE('',*,*,#2001,.F.);
#2955=ORIENTED_EDGE('',*,*,#1999,.F.);
#2956=ORIENTED_EDGE('',*,*,#1998,.T.);
#2957=ORIENTED_EDGE('',*,*,#1996,.T.);
#2958=ORIENTED_EDGE('',*,*,#2009,.F.);
#2959=ORIENTED_EDGE('',*,*,#2007,.F.);
#2960=ORIENTED_EDGE('',*,*,#2006,.T.);
#2961=ORIENTED_EDGE('',*,*,#2004,.T.);
#2962=ORIENTED_EDGE('',*,*,#2017,.F.);
#2963=ORIENTED_EDGE('',*,*,#2015,.F.);
#2964=ORIENTED_EDGE('',*,*,#2014,.T.);
#2965=ORIENTED_EDGE('',*,*,#2012,.T.);
#2966=ORIENTED_EDGE('',*,*,#2022,.T.);
#2967=ORIENTED_EDGE('',*,*,#2024,.F.);
#2968=ORIENTED_EDGE('',*,*,#2025,.F.);
#2969=ORIENTED_EDGE('',*,*,#2020,.T.);
#2970=ORIENTED_EDGE('',*,*,#2028,.T.);
#2971=ORIENTED_EDGE('',*,*,#2030,.F.);
#2972=ORIENTED_EDGE('',*,*,#2032,.F.);
#2973=ORIENTED_EDGE('',*,*,#2033,.T.);
#2974=ORIENTED_EDGE('',*,*,#2041,.T.);
#2975=ORIENTED_EDGE('',*,*,#2035,.F.);
#2976=ORIENTED_EDGE('',*,*,#2038,.F.);
#2977=ORIENTED_EDGE('',*,*,#2040,.T.);
#2978=ORIENTED_EDGE('',*,*,#2046,.T.);
#2979=ORIENTED_EDGE('',*,*,#2048,.F.);
#2980=ORIENTED_EDGE('',*,*,#2049,.F.);
#2981=ORIENTED_EDGE('',*,*,#2044,.T.);
#2982=ORIENTED_EDGE('',*,*,#2054,.T.);
#2983=ORIENTED_EDGE('',*,*,#2056,.F.);
#2984=ORIENTED_EDGE('',*,*,#2057,.F.);
#2985=ORIENTED_EDGE('',*,*,#2052,.T.);
#2986=ORIENTED_EDGE('',*,*,#2062,.T.);
#2987=ORIENTED_EDGE('',*,*,#2064,.F.);
#2988=ORIENTED_EDGE('',*,*,#2065,.F.);
#2989=ORIENTED_EDGE('',*,*,#2060,.T.);
#2990=ORIENTED_EDGE('',*,*,#2073,.T.);
#2991=ORIENTED_EDGE('',*,*,#2067,.F.);
#2992=ORIENTED_EDGE('',*,*,#2070,.F.);
#2993=ORIENTED_EDGE('',*,*,#2072,.T.);
#2994=ORIENTED_EDGE('',*,*,#2081,.T.);
#2995=ORIENTED_EDGE('',*,*,#2075,.F.);
#2996=ORIENTED_EDGE('',*,*,#2078,.F.);
#2997=ORIENTED_EDGE('',*,*,#2080,.T.);
#2998=ORIENTED_EDGE('',*,*,#2089,.T.);
#2999=ORIENTED_EDGE('',*,*,#2083,.F.);
#3000=ORIENTED_EDGE('',*,*,#2086,.F.);
#3001=ORIENTED_EDGE('',*,*,#2088,.T.);
#3002=PLANE('',#3605);
#3003=PLANE('',#3606);
#3004=PLANE('',#3607);
#3005=PLANE('',#3608);
#3006=PLANE('',#3609);
#3007=PLANE('',#3610);
#3008=PLANE('',#3611);
#3009=PLANE('',#3612);
#3010=PLANE('',#3613);
#3011=PLANE('',#3614);
#3012=PLANE('',#3615);
#3013=PLANE('',#3616);
#3014=PLANE('',#3617);
#3015=PLANE('',#3618);
#3016=PLANE('',#3619);
#3017=PLANE('',#3620);
#3018=PLANE('',#3621);
#3019=PLANE('',#3622);
#3020=PLANE('',#3623);
#3021=PLANE('',#3624);
#3022=PLANE('',#3625);
#3023=PLANE('',#3626);
#3024=PLANE('',#3627);
#3025=PLANE('',#3628);
#3026=PLANE('',#3629);
#3027=PLANE('',#3630);
#3028=PLANE('',#3631);
#3029=PLANE('',#3632);
#3030=PLANE('',#3633);
#3031=PLANE('',#3634);
#3032=PLANE('',#3635);
#3033=PLANE('',#3636);
#3034=PLANE('',#3637);
#3035=PLANE('',#3638);
#3036=PLANE('',#3639);
#3037=PLANE('',#3640);
#3038=PLANE('',#3641);
#3039=PLANE('',#3642);
#3040=PLANE('',#3643);
#3041=PLANE('',#3644);
#3042=PLANE('',#3645);
#3043=PLANE('',#3646);
#3044=PLANE('',#3647);
#3045=PLANE('',#3648);
#3046=PLANE('',#3649);
#3047=PLANE('',#3650);
#3048=PLANE('',#3651);
#3049=PLANE('',#3652);
#3050=PLANE('',#3653);
#3051=PLANE('',#3654);
#3052=PLANE('',#3655);
#3053=PLANE('',#3656);
#3054=PLANE('',#3657);
#3055=PLANE('',#3658);
#3056=PLANE('',#3659);
#3057=PLANE('',#3660);
#3058=PLANE('',#3661);
#3059=PLANE('',#3662);
#3060=PLANE('',#3663);
#3061=PLANE('',#3664);
#3062=PLANE('',#3665);
#3063=PLANE('',#3666);
#3064=PLANE('',#3667);
#3065=PLANE('',#3668);
#3066=PLANE('',#3669);
#3067=PLANE('',#3670);
#3068=PLANE('',#3671);
#3069=PLANE('',#3672);
#3070=PLANE('',#3673);
#3071=PLANE('',#3674);
#3072=PLANE('',#3675);
#3073=PLANE('',#3676);
#3074=PLANE('',#3677);
#3075=PLANE('',#3678);
#3076=PLANE('',#3679);
#3077=PLANE('',#3680);
#3078=PLANE('',#3681);
#3079=PLANE('',#3682);
#3080=PLANE('',#3683);
#3081=PLANE('',#3684);
#3082=PLANE('',#3685);
#3083=PLANE('',#3686);
#3084=PLANE('',#3687);
#3085=PLANE('',#3688);
#3086=PLANE('',#3689);
#3087=PLANE('',#3690);
#3088=PLANE('',#3691);
#3089=PLANE('',#3692);
#3090=PLANE('',#3693);
#3091=PLANE('',#3694);
#3092=PLANE('',#3695);
#3093=PLANE('',#3696);
#3094=PLANE('',#3697);
#3095=PLANE('',#3698);
#3096=PLANE('',#3699);
#3097=PLANE('',#3700);
#3098=PLANE('',#3701);
#3099=PLANE('',#3702);
#3100=PLANE('',#3703);
#3101=PLANE('',#3704);
#3102=PLANE('',#3705);
#3103=PLANE('',#3706);
#3104=PLANE('',#3707);
#3105=PLANE('',#3708);
#3106=PLANE('',#3709);
#3107=PLANE('',#3710);
#3108=PLANE('',#3711);
#3109=PLANE('',#3712);
#3110=PLANE('',#3713);
#3111=PLANE('',#3714);
#3112=PLANE('',#3715);
#3113=PLANE('',#3716);
#3114=PLANE('',#3717);
#3115=PLANE('',#3718);
#3116=PLANE('',#3719);
#3117=PLANE('',#3720);
#3118=PLANE('',#3721);
#3119=PLANE('',#3722);
#3120=PLANE('',#3723);
#3121=PLANE('',#3724);
#3122=PLANE('',#3725);
#3123=PLANE('',#3726);
#3124=PLANE('',#3727);
#3125=PLANE('',#3728);
#3126=PLANE('',#3729);
#3127=PLANE('',#3730);
#3128=PLANE('',#3731);
#3129=PLANE('',#3732);
#3130=PLANE('',#3733);
#3131=PLANE('',#3734);
#3132=PLANE('',#3735);
#3133=PLANE('',#3736);
#3134=PLANE('',#3737);
#3135=PLANE('',#3738);
#3136=PLANE('',#3739);
#3137=PLANE('',#3740);
#3138=PLANE('',#3741);
#3139=PLANE('',#3742);
#3140=PLANE('',#3743);
#3141=PLANE('',#3744);
#3142=PLANE('',#3745);
#3143=PLANE('',#3746);
#3144=PLANE('',#3747);
#3145=PLANE('',#3748);
#3146=PLANE('',#3749);
#3147=PLANE('',#3750);
#3148=PLANE('',#3751);
#3149=PLANE('',#3752);
#3150=PLANE('',#3753);
#3151=PLANE('',#3754);
#3152=PLANE('',#3755);
#3153=PLANE('',#3756);
#3154=PLANE('',#3757);
#3155=PLANE('',#3758);
#3156=PLANE('',#3759);
#3157=PLANE('',#3760);
#3158=PLANE('',#3761);
#3159=PLANE('',#3762);
#3160=PLANE('',#3763);
#3161=PLANE('',#3764);
#3162=PLANE('',#3765);
#3163=PLANE('',#3766);
#3164=PLANE('',#3767);
#3165=PLANE('',#3768);
#3166=PLANE('',#3769);
#3167=PLANE('',#3770);
#3168=PLANE('',#3771);
#3169=PLANE('',#3772);
#3170=PLANE('',#3773);
#3171=PLANE('',#3774);
#3172=PLANE('',#3775);
#3173=PLANE('',#3776);
#3174=PLANE('',#3777);
#3175=PLANE('',#3778);
#3176=PLANE('',#3779);
#3177=PLANE('',#3780);
#3178=PLANE('',#3781);
#3179=PLANE('',#3782);
#3180=PLANE('',#3783);
#3181=PLANE('',#3784);
#3182=PLANE('',#3785);
#3183=PLANE('',#3786);
#3184=PLANE('',#3787);
#3185=PLANE('',#3788);
#3186=PLANE('',#3789);
#3187=PLANE('',#3790);
#3188=PLANE('',#3791);
#3189=PLANE('',#3792);
#3190=PLANE('',#3793);
#3191=PLANE('',#3794);
#3192=PLANE('',#3795);
#3193=PLANE('',#3796);
#3194=PLANE('',#3797);
#3195=PLANE('',#3798);
#3196=PLANE('',#3799);
#3197=PLANE('',#3800);
#3198=STYLED_ITEM('',(#5604),#3395);
#3199=STYLED_ITEM('',(#5604),#3396);
#3200=STYLED_ITEM('',(#5604),#3397);
#3201=STYLED_ITEM('',(#5604),#3398);
#3202=STYLED_ITEM('',(#5604),#3399);
#3203=STYLED_ITEM('',(#5604),#3400);
#3204=STYLED_ITEM('',(#5604),#3401);
#3205=STYLED_ITEM('',(#5604),#3402);
#3206=STYLED_ITEM('',(#5604),#3403);
#3207=STYLED_ITEM('',(#5604),#3404);
#3208=STYLED_ITEM('',(#5604),#3405);
#3209=STYLED_ITEM('',(#5604),#3406);
#3210=STYLED_ITEM('',(#5604),#3407);
#3211=STYLED_ITEM('',(#5604),#3408);
#3212=STYLED_ITEM('',(#5604),#3409);
#3213=STYLED_ITEM('',(#5604),#3410);
#3214=STYLED_ITEM('',(#5604),#3411);
#3215=STYLED_ITEM('',(#5604),#3412);
#3216=STYLED_ITEM('',(#5604),#3413);
#3217=STYLED_ITEM('',(#5604),#3414);
#3218=STYLED_ITEM('',(#5604),#3415);
#3219=STYLED_ITEM('',(#5604),#3416);
#3220=STYLED_ITEM('',(#5604),#3417);
#3221=STYLED_ITEM('',(#5604),#3418);
#3222=STYLED_ITEM('',(#5604),#3419);
#3223=STYLED_ITEM('',(#5604),#3420);
#3224=STYLED_ITEM('',(#5604),#3421);
#3225=STYLED_ITEM('',(#5604),#3422);
#3226=STYLED_ITEM('',(#5604),#3423);
#3227=STYLED_ITEM('',(#5604),#3424);
#3228=STYLED_ITEM('',(#5604),#3425);
#3229=STYLED_ITEM('',(#5604),#3426);
#3230=STYLED_ITEM('',(#5604),#3427);
#3231=STYLED_ITEM('',(#5604),#3428);
#3232=STYLED_ITEM('',(#5605),#3429);
#3233=STYLED_ITEM('',(#5605),#3430);
#3234=STYLED_ITEM('',(#5605),#3431);
#3235=STYLED_ITEM('',(#5605),#3432);
#3236=STYLED_ITEM('',(#5605),#3433);
#3237=STYLED_ITEM('',(#5605),#3434);
#3238=STYLED_ITEM('',(#5605),#3435);
#3239=STYLED_ITEM('',(#5605),#3436);
#3240=STYLED_ITEM('',(#5605),#3437);
#3241=STYLED_ITEM('',(#5605),#3438);
#3242=STYLED_ITEM('',(#5605),#3439);
#3243=STYLED_ITEM('',(#5605),#3440);
#3244=STYLED_ITEM('',(#5605),#3441);
#3245=STYLED_ITEM('',(#5605),#3442);
#3246=STYLED_ITEM('',(#5605),#3443);
#3247=STYLED_ITEM('',(#5605),#3444);
#3248=STYLED_ITEM('',(#5605),#3445);
#3249=STYLED_ITEM('',(#5605),#3446);
#3250=STYLED_ITEM('',(#5605),#3447);
#3251=STYLED_ITEM('',(#5605),#3448);
#3252=STYLED_ITEM('',(#5605),#3449);
#3253=STYLED_ITEM('',(#5605),#3450);
#3254=STYLED_ITEM('',(#5605),#3451);
#3255=STYLED_ITEM('',(#5605),#3452);
#3256=STYLED_ITEM('',(#5605),#3453);
#3257=STYLED_ITEM('',(#5605),#3454);
#3258=STYLED_ITEM('',(#5605),#3455);
#3259=STYLED_ITEM('',(#5605),#3456);
#3260=STYLED_ITEM('',(#5605),#3457);
#3261=STYLED_ITEM('',(#5605),#3458);
#3262=STYLED_ITEM('',(#5605),#3459);
#3263=STYLED_ITEM('',(#5605),#3460);
#3264=STYLED_ITEM('',(#5605),#3461);
#3265=STYLED_ITEM('',(#5605),#3462);
#3266=STYLED_ITEM('',(#5605),#3463);
#3267=STYLED_ITEM('',(#5605),#3464);
#3268=STYLED_ITEM('',(#5605),#3465);
#3269=STYLED_ITEM('',(#5605),#3466);
#3270=STYLED_ITEM('',(#5605),#3467);
#3271=STYLED_ITEM('',(#5605),#3468);
#3272=STYLED_ITEM('',(#5605),#3469);
#3273=STYLED_ITEM('',(#5605),#3470);
#3274=STYLED_ITEM('',(#5605),#3471);
#3275=STYLED_ITEM('',(#5605),#3472);
#3276=STYLED_ITEM('',(#5605),#3473);
#3277=STYLED_ITEM('',(#5605),#3474);
#3278=STYLED_ITEM('',(#5605),#3475);
#3279=STYLED_ITEM('',(#5605),#3476);
#3280=STYLED_ITEM('',(#5605),#3477);
#3281=STYLED_ITEM('',(#5605),#3478);
#3282=STYLED_ITEM('',(#5605),#3479);
#3283=STYLED_ITEM('',(#5605),#3480);
#3284=STYLED_ITEM('',(#5605),#3481);
#3285=STYLED_ITEM('',(#5605),#3482);
#3286=STYLED_ITEM('',(#5605),#3483);
#3287=STYLED_ITEM('',(#5605),#3484);
#3288=STYLED_ITEM('',(#5605),#3485);
#3289=STYLED_ITEM('',(#5605),#3486);
#3290=STYLED_ITEM('',(#5605),#3487);
#3291=STYLED_ITEM('',(#5605),#3488);
#3292=STYLED_ITEM('',(#5605),#3489);
#3293=STYLED_ITEM('',(#5605),#3490);
#3294=STYLED_ITEM('',(#5605),#3491);
#3295=STYLED_ITEM('',(#5605),#3492);
#3296=STYLED_ITEM('',(#5605),#3493);
#3297=STYLED_ITEM('',(#5605),#3494);
#3298=STYLED_ITEM('',(#5605),#3495);
#3299=STYLED_ITEM('',(#5605),#3496);
#3300=STYLED_ITEM('',(#5605),#3497);
#3301=STYLED_ITEM('',(#5605),#3498);
#3302=STYLED_ITEM('',(#5605),#3499);
#3303=STYLED_ITEM('',(#5605),#3500);
#3304=STYLED_ITEM('',(#5605),#3501);
#3305=STYLED_ITEM('',(#5605),#3502);
#3306=STYLED_ITEM('',(#5605),#3503);
#3307=STYLED_ITEM('',(#5605),#3504);
#3308=STYLED_ITEM('',(#5605),#3505);
#3309=STYLED_ITEM('',(#5605),#3506);
#3310=STYLED_ITEM('',(#5605),#3507);
#3311=STYLED_ITEM('',(#5605),#3508);
#3312=STYLED_ITEM('',(#5605),#3509);
#3313=STYLED_ITEM('',(#5605),#3510);
#3314=STYLED_ITEM('',(#5605),#3511);
#3315=STYLED_ITEM('',(#5605),#3512);
#3316=STYLED_ITEM('',(#5605),#3513);
#3317=STYLED_ITEM('',(#5605),#3514);
#3318=STYLED_ITEM('',(#5605),#3515);
#3319=STYLED_ITEM('',(#5605),#3516);
#3320=STYLED_ITEM('',(#5605),#3517);
#3321=STYLED_ITEM('',(#5605),#3518);
#3322=STYLED_ITEM('',(#5605),#3519);
#3323=STYLED_ITEM('',(#5605),#3520);
#3324=STYLED_ITEM('',(#5605),#3521);
#3325=STYLED_ITEM('',(#5605),#3522);
#3326=STYLED_ITEM('',(#5605),#3523);
#3327=STYLED_ITEM('',(#5605),#3524);
#3328=STYLED_ITEM('',(#5605),#3525);
#3329=STYLED_ITEM('',(#5605),#3526);
#3330=STYLED_ITEM('',(#5605),#3527);
#3331=STYLED_ITEM('',(#5605),#3528);
#3332=STYLED_ITEM('',(#5605),#3529);
#3333=STYLED_ITEM('',(#5605),#3530);
#3334=STYLED_ITEM('',(#5605),#3531);
#3335=STYLED_ITEM('',(#5605),#3532);
#3336=STYLED_ITEM('',(#5605),#3533);
#3337=STYLED_ITEM('',(#5605),#3534);
#3338=STYLED_ITEM('',(#5605),#3535);
#3339=STYLED_ITEM('',(#5605),#3536);
#3340=STYLED_ITEM('',(#5605),#3537);
#3341=STYLED_ITEM('',(#5605),#3538);
#3342=STYLED_ITEM('',(#5605),#3539);
#3343=STYLED_ITEM('',(#5605),#3540);
#3344=STYLED_ITEM('',(#5605),#3541);
#3345=STYLED_ITEM('',(#5605),#3542);
#3346=STYLED_ITEM('',(#5605),#3543);
#3347=STYLED_ITEM('',(#5605),#3544);
#3348=STYLED_ITEM('',(#5605),#3545);
#3349=STYLED_ITEM('',(#5605),#3546);
#3350=STYLED_ITEM('',(#5605),#3547);
#3351=STYLED_ITEM('',(#5605),#3548);
#3352=STYLED_ITEM('',(#5605),#3549);
#3353=STYLED_ITEM('',(#5605),#3550);
#3354=STYLED_ITEM('',(#5605),#3551);
#3355=STYLED_ITEM('',(#5605),#3552);
#3356=STYLED_ITEM('',(#5605),#3553);
#3357=STYLED_ITEM('',(#5605),#3554);
#3358=STYLED_ITEM('',(#5605),#3555);
#3359=STYLED_ITEM('',(#5605),#3556);
#3360=STYLED_ITEM('',(#5605),#3557);
#3361=STYLED_ITEM('',(#5605),#3558);
#3362=STYLED_ITEM('',(#5605),#3559);
#3363=STYLED_ITEM('',(#5605),#3560);
#3364=STYLED_ITEM('',(#5605),#3561);
#3365=STYLED_ITEM('',(#5605),#3562);
#3366=STYLED_ITEM('',(#5605),#3563);
#3367=STYLED_ITEM('',(#5605),#3564);
#3368=STYLED_ITEM('',(#5605),#3565);
#3369=STYLED_ITEM('',(#5605),#3566);
#3370=STYLED_ITEM('',(#5605),#3567);
#3371=STYLED_ITEM('',(#5605),#3568);
#3372=STYLED_ITEM('',(#5605),#3569);
#3373=STYLED_ITEM('',(#5605),#3570);
#3374=STYLED_ITEM('',(#5605),#3571);
#3375=STYLED_ITEM('',(#5605),#3572);
#3376=STYLED_ITEM('',(#5605),#3573);
#3377=STYLED_ITEM('',(#5605),#3574);
#3378=STYLED_ITEM('',(#5605),#3575);
#3379=STYLED_ITEM('',(#5605),#3576);
#3380=STYLED_ITEM('',(#5605),#3577);
#3381=STYLED_ITEM('',(#5605),#3578);
#3382=STYLED_ITEM('',(#5605),#3579);
#3383=STYLED_ITEM('',(#5605),#3580);
#3384=STYLED_ITEM('',(#5605),#3581);
#3385=STYLED_ITEM('',(#5605),#3582);
#3386=STYLED_ITEM('',(#5605),#3583);
#3387=STYLED_ITEM('',(#5605),#3584);
#3388=STYLED_ITEM('',(#5605),#3585);
#3389=STYLED_ITEM('',(#5605),#3586);
#3390=STYLED_ITEM('',(#5605),#3587);
#3391=STYLED_ITEM('',(#5605),#3588);
#3392=STYLED_ITEM('',(#5605),#3589);
#3393=STYLED_ITEM('',(#5605),#3590);
#3394=STYLED_ITEM('',(#5603),#13);
#3395=ADVANCED_FACE('',(#32),#3002,.F.);
#3396=ADVANCED_FACE('',(#33),#3003,.F.);
#3397=ADVANCED_FACE('',(#34),#3004,.F.);
#3398=ADVANCED_FACE('',(#35,#14,#15,#16,#17,#18,#19,#20,#21,#22),#3005,
 .F.);
#3399=ADVANCED_FACE('',(#36,#23,#24,#25,#26,#27,#28,#29,#30,#31),#3006,
 .T.);
#3400=ADVANCED_FACE('',(#37),#3007,.F.);
#3401=ADVANCED_FACE('',(#38),#3008,.F.);
#3402=ADVANCED_FACE('',(#39),#3009,.F.);
#3403=ADVANCED_FACE('',(#40),#3010,.F.);
#3404=ADVANCED_FACE('',(#41),#3011,.F.);
#3405=ADVANCED_FACE('',(#42),#3012,.F.);
#3406=ADVANCED_FACE('',(#43),#3013,.F.);
#3407=ADVANCED_FACE('',(#44),#3014,.F.);
#3408=ADVANCED_FACE('',(#45),#3015,.F.);
#3409=ADVANCED_FACE('',(#46),#3016,.F.);
#3410=ADVANCED_FACE('',(#47),#3017,.F.);
#3411=ADVANCED_FACE('',(#48),#3018,.F.);
#3412=ADVANCED_FACE('',(#49),#3019,.F.);
#3413=ADVANCED_FACE('',(#50),#3020,.F.);
#3414=ADVANCED_FACE('',(#51),#3021,.F.);
#3415=ADVANCED_FACE('',(#52),#3022,.F.);
#3416=ADVANCED_FACE('',(#53),#3023,.F.);
#3417=ADVANCED_FACE('',(#54),#3024,.F.);
#3418=ADVANCED_FACE('',(#55),#3025,.F.);
#3419=ADVANCED_FACE('',(#56),#3026,.F.);
#3420=ADVANCED_FACE('',(#57),#3027,.F.);
#3421=ADVANCED_FACE('',(#58),#3028,.F.);
#3422=ADVANCED_FACE('',(#59),#3029,.F.);
#3423=ADVANCED_FACE('',(#60),#3030,.F.);
#3424=ADVANCED_FACE('',(#61),#3031,.F.);
#3425=ADVANCED_FACE('',(#62),#3032,.F.);
#3426=ADVANCED_FACE('',(#63),#3033,.F.);
#3427=ADVANCED_FACE('',(#64),#3034,.F.);
#3428=ADVANCED_FACE('',(#65),#3035,.F.);
#3429=ADVANCED_FACE('',(#66),#3036,.F.);
#3430=ADVANCED_FACE('',(#67),#3037,.T.);
#3431=ADVANCED_FACE('',(#68),#3038,.T.);
#3432=ADVANCED_FACE('',(#69),#3039,.F.);
#3433=ADVANCED_FACE('',(#70),#3040,.T.);
#3434=ADVANCED_FACE('',(#71),#3041,.T.);
#3435=ADVANCED_FACE('',(#72),#3042,.F.);
#3436=ADVANCED_FACE('',(#73),#3043,.F.);
#3437=ADVANCED_FACE('',(#74),#3044,.T.);
#3438=ADVANCED_FACE('',(#75),#3045,.F.);
#3439=ADVANCED_FACE('',(#76),#3046,.F.);
#3440=ADVANCED_FACE('',(#77),#3047,.T.);
#3441=ADVANCED_FACE('',(#78),#3048,.F.);
#3442=ADVANCED_FACE('',(#79),#3049,.T.);
#3443=ADVANCED_FACE('',(#80),#3050,.T.);
#3444=ADVANCED_FACE('',(#81),#3051,.F.);
#3445=ADVANCED_FACE('',(#82),#3052,.F.);
#3446=ADVANCED_FACE('',(#83),#3053,.T.);
#3447=ADVANCED_FACE('',(#84),#3054,.T.);
#3448=ADVANCED_FACE('',(#85),#3055,.F.);
#3449=ADVANCED_FACE('',(#86),#3056,.F.);
#3450=ADVANCED_FACE('',(#87),#3057,.T.);
#3451=ADVANCED_FACE('',(#88),#3058,.T.);
#3452=ADVANCED_FACE('',(#89),#3059,.F.);
#3453=ADVANCED_FACE('',(#90),#3060,.T.);
#3454=ADVANCED_FACE('',(#91),#3061,.F.);
#3455=ADVANCED_FACE('',(#92),#3062,.F.);
#3456=ADVANCED_FACE('',(#93),#3063,.T.);
#3457=ADVANCED_FACE('',(#94),#3064,.T.);
#3458=ADVANCED_FACE('',(#95),#3065,.F.);
#3459=ADVANCED_FACE('',(#96),#3066,.F.);
#3460=ADVANCED_FACE('',(#97),#3067,.T.);
#3461=ADVANCED_FACE('',(#98),#3068,.T.);
#3462=ADVANCED_FACE('',(#99),#3069,.F.);
#3463=ADVANCED_FACE('',(#100),#3070,.F.);
#3464=ADVANCED_FACE('',(#101),#3071,.T.);
#3465=ADVANCED_FACE('',(#102),#3072,.F.);
#3466=ADVANCED_FACE('',(#103),#3073,.T.);
#3467=ADVANCED_FACE('',(#104),#3074,.T.);
#3468=ADVANCED_FACE('',(#105),#3075,.F.);
#3469=ADVANCED_FACE('',(#106),#3076,.T.);
#3470=ADVANCED_FACE('',(#107),#3077,.T.);
#3471=ADVANCED_FACE('',(#108),#3078,.F.);
#3472=ADVANCED_FACE('',(#109),#3079,.F.);
#3473=ADVANCED_FACE('',(#110),#3080,.T.);
#3474=ADVANCED_FACE('',(#111),#3081,.F.);
#3475=ADVANCED_FACE('',(#112),#3082,.F.);
#3476=ADVANCED_FACE('',(#113),#3083,.T.);
#3477=ADVANCED_FACE('',(#114),#3084,.F.);
#3478=ADVANCED_FACE('',(#115),#3085,.T.);
#3479=ADVANCED_FACE('',(#116),#3086,.T.);
#3480=ADVANCED_FACE('',(#117),#3087,.F.);
#3481=ADVANCED_FACE('',(#118),#3088,.F.);
#3482=ADVANCED_FACE('',(#119),#3089,.T.);
#3483=ADVANCED_FACE('',(#120),#3090,.T.);
#3484=ADVANCED_FACE('',(#121),#3091,.F.);
#3485=ADVANCED_FACE('',(#122),#3092,.F.);
#3486=ADVANCED_FACE('',(#123),#3093,.T.);
#3487=ADVANCED_FACE('',(#124),#3094,.T.);
#3488=ADVANCED_FACE('',(#125),#3095,.F.);
#3489=ADVANCED_FACE('',(#126),#3096,.T.);
#3490=ADVANCED_FACE('',(#127),#3097,.F.);
#3491=ADVANCED_FACE('',(#128),#3098,.F.);
#3492=ADVANCED_FACE('',(#129),#3099,.T.);
#3493=ADVANCED_FACE('',(#130),#3100,.T.);
#3494=ADVANCED_FACE('',(#131),#3101,.F.);
#3495=ADVANCED_FACE('',(#132),#3102,.F.);
#3496=ADVANCED_FACE('',(#133),#3103,.T.);
#3497=ADVANCED_FACE('',(#134),#3104,.T.);
#3498=ADVANCED_FACE('',(#135),#3105,.F.);
#3499=ADVANCED_FACE('',(#136),#3106,.F.);
#3500=ADVANCED_FACE('',(#137),#3107,.T.);
#3501=ADVANCED_FACE('',(#138),#3108,.T.);
#3502=ADVANCED_FACE('',(#139),#3109,.F.);
#3503=ADVANCED_FACE('',(#140),#3110,.F.);
#3504=ADVANCED_FACE('',(#141),#3111,.T.);
#3505=ADVANCED_FACE('',(#142),#3112,.F.);
#3506=ADVANCED_FACE('',(#143),#3113,.F.);
#3507=ADVANCED_FACE('',(#144),#3114,.T.);
#3508=ADVANCED_FACE('',(#145),#3115,.T.);
#3509=ADVANCED_FACE('',(#146),#3116,.F.);
#3510=ADVANCED_FACE('',(#147),#3117,.T.);
#3511=ADVANCED_FACE('',(#148),#3118,.T.);
#3512=ADVANCED_FACE('',(#149),#3119,.F.);
#3513=ADVANCED_FACE('',(#150),#3120,.T.);
#3514=ADVANCED_FACE('',(#151),#3121,.F.);
#3515=ADVANCED_FACE('',(#152),#3122,.F.);
#3516=ADVANCED_FACE('',(#153),#3123,.T.);
#3517=ADVANCED_FACE('',(#154),#3124,.T.);
#3518=ADVANCED_FACE('',(#155),#3125,.F.);
#3519=ADVANCED_FACE('',(#156),#3126,.F.);
#3520=ADVANCED_FACE('',(#157),#3127,.T.);
#3521=ADVANCED_FACE('',(#158),#3128,.T.);
#3522=ADVANCED_FACE('',(#159),#3129,.F.);
#3523=ADVANCED_FACE('',(#160),#3130,.F.);
#3524=ADVANCED_FACE('',(#161),#3131,.T.);
#3525=ADVANCED_FACE('',(#162),#3132,.F.);
#3526=ADVANCED_FACE('',(#163),#3133,.T.);
#3527=ADVANCED_FACE('',(#164),#3134,.T.);
#3528=ADVANCED_FACE('',(#165),#3135,.F.);
#3529=ADVANCED_FACE('',(#166),#3136,.F.);
#3530=ADVANCED_FACE('',(#167),#3137,.T.);
#3531=ADVANCED_FACE('',(#168),#3138,.T.);
#3532=ADVANCED_FACE('',(#169),#3139,.F.);
#3533=ADVANCED_FACE('',(#170),#3140,.F.);
#3534=ADVANCED_FACE('',(#171),#3141,.T.);
#3535=ADVANCED_FACE('',(#172),#3142,.T.);
#3536=ADVANCED_FACE('',(#173),#3143,.F.);
#3537=ADVANCED_FACE('',(#174),#3144,.F.);
#3538=ADVANCED_FACE('',(#175),#3145,.T.);
#3539=ADVANCED_FACE('',(#176),#3146,.T.);
#3540=ADVANCED_FACE('',(#177),#3147,.F.);
#3541=ADVANCED_FACE('',(#178),#3148,.T.);
#3542=ADVANCED_FACE('',(#179),#3149,.T.);
#3543=ADVANCED_FACE('',(#180),#3150,.F.);
#3544=ADVANCED_FACE('',(#181),#3151,.F.);
#3545=ADVANCED_FACE('',(#182),#3152,.T.);
#3546=ADVANCED_FACE('',(#183),#3153,.F.);
#3547=ADVANCED_FACE('',(#184),#3154,.F.);
#3548=ADVANCED_FACE('',(#185),#3155,.T.);
#3549=ADVANCED_FACE('',(#186),#3156,.F.);
#3550=ADVANCED_FACE('',(#187),#3157,.T.);
#3551=ADVANCED_FACE('',(#188),#3158,.T.);
#3552=ADVANCED_FACE('',(#189),#3159,.F.);
#3553=ADVANCED_FACE('',(#190),#3160,.F.);
#3554=ADVANCED_FACE('',(#191),#3161,.T.);
#3555=ADVANCED_FACE('',(#192),#3162,.T.);
#3556=ADVANCED_FACE('',(#193),#3163,.F.);
#3557=ADVANCED_FACE('',(#194),#3164,.F.);
#3558=ADVANCED_FACE('',(#195),#3165,.T.);
#3559=ADVANCED_FACE('',(#196),#3166,.T.);
#3560=ADVANCED_FACE('',(#197),#3167,.F.);
#3561=ADVANCED_FACE('',(#198),#3168,.T.);
#3562=ADVANCED_FACE('',(#199),#3169,.F.);
#3563=ADVANCED_FACE('',(#200),#3170,.F.);
#3564=ADVANCED_FACE('',(#201),#3171,.T.);
#3565=ADVANCED_FACE('',(#202),#3172,.T.);
#3566=ADVANCED_FACE('',(#203),#3173,.F.);
#3567=ADVANCED_FACE('',(#204),#3174,.F.);
#3568=ADVANCED_FACE('',(#205),#3175,.T.);
#3569=ADVANCED_FACE('',(#206),#3176,.T.);
#3570=ADVANCED_FACE('',(#207),#3177,.F.);
#3571=ADVANCED_FACE('',(#208),#3178,.F.);
#3572=ADVANCED_FACE('',(#209),#3179,.T.);
#3573=ADVANCED_FACE('',(#210),#3180,.F.);
#3574=ADVANCED_FACE('',(#211),#3181,.F.);
#3575=ADVANCED_FACE('',(#212),#3182,.F.);
#3576=ADVANCED_FACE('',(#213),#3183,.F.);
#3577=ADVANCED_FACE('',(#214),#3184,.F.);
#3578=ADVANCED_FACE('',(#215),#3185,.F.);
#3579=ADVANCED_FACE('',(#216),#3186,.F.);
#3580=ADVANCED_FACE('',(#217),#3187,.F.);
#3581=ADVANCED_FACE('',(#218),#3188,.F.);
#3582=ADVANCED_FACE('',(#219),#3189,.T.);
#3583=ADVANCED_FACE('',(#220),#3190,.T.);
#3584=ADVANCED_FACE('',(#221),#3191,.T.);
#3585=ADVANCED_FACE('',(#222),#3192,.T.);
#3586=ADVANCED_FACE('',(#223),#3193,.T.);
#3587=ADVANCED_FACE('',(#224),#3194,.T.);
#3588=ADVANCED_FACE('',(#225),#3195,.T.);
#3589=ADVANCED_FACE('',(#226),#3196,.T.);
#3590=ADVANCED_FACE('',(#227),#3197,.T.);
#3591=CLOSED_SHELL('',(#3395,#3396,#3397,#3398,#3399,#3400,#3401,#3402,
#3403,#3404,#3405,#3406,#3407,#3408,#3409,#3410,#3411,#3412,#3413,#3414,
#3415,#3416,#3417,#3418,#3419,#3420,#3421,#3422,#3423,#3424,#3425,#3426,
#3427,#3428,#3429,#3430,#3431,#3432,#3433,#3434,#3435,#3436,#3437,#3438,
#3439,#3440,#3441,#3442,#3443,#3444,#3445,#3446,#3447,#3448,#3449,#3450,
#3451,#3452,#3453,#3454,#3455,#3456,#3457,#3458,#3459,#3460,#3461,#3462,
#3463,#3464,#3465,#3466,#3467,#3468,#3469,#3470,#3471,#3472,#3473,#3474,
#3475,#3476,#3477,#3478,#3479,#3480,#3481,#3482,#3483,#3484,#3485,#3486,
#3487,#3488,#3489,#3490,#3491,#3492,#3493,#3494,#3495,#3496,#3497,#3498,
#3499,#3500,#3501,#3502,#3503,#3504,#3505,#3506,#3507,#3508,#3509,#3510,
#3511,#3512,#3513,#3514,#3515,#3516,#3517,#3518,#3519,#3520,#3521,#3522,
#3523,#3524,#3525,#3526,#3527,#3528,#3529,#3530,#3531,#3532,#3533,#3534,
#3535,#3536,#3537,#3538,#3539,#3540,#3541,#3542,#3543,#3544,#3545,#3546,
#3547,#3548,#3549,#3550,#3551,#3552,#3553,#3554,#3555,#3556,#3557,#3558,
#3559,#3560,#3561,#3562,#3563,#3564,#3565,#3566,#3567,#3568,#3569,#3570,
#3571,#3572,#3573,#3574,#3575,#3576,#3577,#3578,#3579,#3580,#3581,#3582,
#3583,#3584,#3585,#3586,#3587,#3588,#3589,#3590));
#3592=DERIVED_UNIT_ELEMENT(#3594,1.);
#3593=DERIVED_UNIT_ELEMENT(#5589,-3.);
#3594=(
MASS_UNIT()
NAMED_UNIT(*)
SI_UNIT(.KILO.,.GRAM.)
);
#3595=DERIVED_UNIT((#3592,#3593));
#3596=MEASURE_REPRESENTATION_ITEM('density measure',
POSITIVE_RATIO_MEASURE(7850.),#3595);
#3597=PROPERTY_DEFINITION_REPRESENTATION(#3602,#3599);
#3598=PROPERTY_DEFINITION_REPRESENTATION(#3603,#3600);
#3599=REPRESENTATION('material name',(#3601),#5586);
#3600=REPRESENTATION('density',(#3596),#5586);
#3601=DESCRIPTIVE_REPRESENTATION_ITEM('Steel','Steel');
#3602=PROPERTY_DEFINITION('material property','material name',#5596);
#3603=PROPERTY_DEFINITION('material property','density of part',#5596);
#3604=AXIS2_PLACEMENT_3D('',#4651,#3801,#3802);
#3605=AXIS2_PLACEMENT_3D('',#4652,#3803,#3804);
#3606=AXIS2_PLACEMENT_3D('',#4661,#3809,#3810);
#3607=AXIS2_PLACEMENT_3D('',#4667,#3814,#3815);
#3608=AXIS2_PLACEMENT_3D('',#4673,#3819,#3820);
#3609=AXIS2_PLACEMENT_3D('',#4803,#3886,#3887);
#3610=AXIS2_PLACEMENT_3D('',#4933,#3953,#3954);
#3611=AXIS2_PLACEMENT_3D('',#4935,#3956,#3957);
#3612=AXIS2_PLACEMENT_3D('',#4937,#3959,#3960);
#3613=AXIS2_PLACEMENT_3D('',#4939,#3962,#3963);
#3614=AXIS2_PLACEMENT_3D('',#4941,#3965,#3966);
#3615=AXIS2_PLACEMENT_3D('',#4943,#3968,#3969);
#3616=AXIS2_PLACEMENT_3D('',#4945,#3971,#3972);
#3617=AXIS2_PLACEMENT_3D('',#4947,#3974,#3975);
#3618=AXIS2_PLACEMENT_3D('',#4949,#3977,#3978);
#3619=AXIS2_PLACEMENT_3D('',#4951,#3980,#3981);
#3620=AXIS2_PLACEMENT_3D('',#4953,#3983,#3984);
#3621=AXIS2_PLACEMENT_3D('',#4955,#3986,#3987);
#3622=AXIS2_PLACEMENT_3D('',#4957,#3989,#3990);
#3623=AXIS2_PLACEMENT_3D('',#4959,#3992,#3993);
#3624=AXIS2_PLACEMENT_3D('',#4961,#3995,#3996);
#3625=AXIS2_PLACEMENT_3D('',#4963,#3998,#3999);
#3626=AXIS2_PLACEMENT_3D('',#4965,#4001,#4002);
#3627=AXIS2_PLACEMENT_3D('',#4967,#4004,#4005);
#3628=AXIS2_PLACEMENT_3D('',#4969,#4007,#4008);
#3629=AXIS2_PLACEMENT_3D('',#4971,#4010,#4011);
#3630=AXIS2_PLACEMENT_3D('',#4973,#4013,#4014);
#3631=AXIS2_PLACEMENT_3D('',#4975,#4016,#4017);
#3632=AXIS2_PLACEMENT_3D('',#4977,#4019,#4020);
#3633=AXIS2_PLACEMENT_3D('',#4979,#4022,#4023);
#3634=AXIS2_PLACEMENT_3D('',#4981,#4025,#4026);
#3635=AXIS2_PLACEMENT_3D('',#4983,#4028,#4029);
#3636=AXIS2_PLACEMENT_3D('',#4985,#4031,#4032);
#3637=AXIS2_PLACEMENT_3D('',#4987,#4034,#4035);
#3638=AXIS2_PLACEMENT_3D('',#4989,#4037,#4038);
#3639=AXIS2_PLACEMENT_3D('',#4990,#4039,#4040);
#3640=AXIS2_PLACEMENT_3D('',#4996,#4044,#4045);
#3641=AXIS2_PLACEMENT_3D('',#5000,#4048,#4049);
#3642=AXIS2_PLACEMENT_3D('',#5004,#4052,#4053);
#3643=AXIS2_PLACEMENT_3D('',#5006,#4055,#4056);
#3644=AXIS2_PLACEMENT_3D('',#5012,#4060,#4061);
#3645=AXIS2_PLACEMENT_3D('',#5016,#4064,#4065);
#3646=AXIS2_PLACEMENT_3D('',#5020,#4068,#4069);
#3647=AXIS2_PLACEMENT_3D('',#5022,#4071,#4072);
#3648=AXIS2_PLACEMENT_3D('',#5028,#4076,#4077);
#3649=AXIS2_PLACEMENT_3D('',#5032,#4080,#4081);
#3650=AXIS2_PLACEMENT_3D('',#5036,#4084,#4085);
#3651=AXIS2_PLACEMENT_3D('',#5038,#4087,#4088);
#3652=AXIS2_PLACEMENT_3D('',#5044,#4092,#4093);
#3653=AXIS2_PLACEMENT_3D('',#5048,#4096,#4097);
#3654=AXIS2_PLACEMENT_3D('',#5052,#4100,#4101);
#3655=AXIS2_PLACEMENT_3D('',#5054,#4103,#4104);
#3656=AXIS2_PLACEMENT_3D('',#5060,#4108,#4109);
#3657=AXIS2_PLACEMENT_3D('',#5064,#4112,#4113);
#3658=AXIS2_PLACEMENT_3D('',#5068,#4116,#4117);
#3659=AXIS2_PLACEMENT_3D('',#5070,#4119,#4120);
#3660=AXIS2_PLACEMENT_3D('',#5076,#4124,#4125);
#3661=AXIS2_PLACEMENT_3D('',#5080,#4128,#4129);
#3662=AXIS2_PLACEMENT_3D('',#5084,#4132,#4133);
#3663=AXIS2_PLACEMENT_3D('',#5086,#4135,#4136);
#3664=AXIS2_PLACEMENT_3D('',#5092,#4140,#4141);
#3665=AXIS2_PLACEMENT_3D('',#5096,#4144,#4145);
#3666=AXIS2_PLACEMENT_3D('',#5100,#4148,#4149);
#3667=AXIS2_PLACEMENT_3D('',#5102,#4151,#4152);
#3668=AXIS2_PLACEMENT_3D('',#5108,#4156,#4157);
#3669=AXIS2_PLACEMENT_3D('',#5112,#4160,#4161);
#3670=AXIS2_PLACEMENT_3D('',#5116,#4164,#4165);
#3671=AXIS2_PLACEMENT_3D('',#5118,#4167,#4168);
#3672=AXIS2_PLACEMENT_3D('',#5124,#4172,#4173);
#3673=AXIS2_PLACEMENT_3D('',#5128,#4176,#4177);
#3674=AXIS2_PLACEMENT_3D('',#5132,#4180,#4181);
#3675=AXIS2_PLACEMENT_3D('',#5134,#4183,#4184);
#3676=AXIS2_PLACEMENT_3D('',#5140,#4188,#4189);
#3677=AXIS2_PLACEMENT_3D('',#5144,#4192,#4193);
#3678=AXIS2_PLACEMENT_3D('',#5148,#4196,#4197);
#3679=AXIS2_PLACEMENT_3D('',#5150,#4199,#4200);
#3680=AXIS2_PLACEMENT_3D('',#5156,#4204,#4205);
#3681=AXIS2_PLACEMENT_3D('',#5160,#4208,#4209);
#3682=AXIS2_PLACEMENT_3D('',#5164,#4212,#4213);
#3683=AXIS2_PLACEMENT_3D('',#5166,#4215,#4216);
#3684=AXIS2_PLACEMENT_3D('',#5172,#4220,#4221);
#3685=AXIS2_PLACEMENT_3D('',#5176,#4224,#4225);
#3686=AXIS2_PLACEMENT_3D('',#5180,#4228,#4229);
#3687=AXIS2_PLACEMENT_3D('',#5182,#4231,#4232);
#3688=AXIS2_PLACEMENT_3D('',#5188,#4236,#4237);
#3689=AXIS2_PLACEMENT_3D('',#5192,#4240,#4241);
#3690=AXIS2_PLACEMENT_3D('',#5196,#4244,#4245);
#3691=AXIS2_PLACEMENT_3D('',#5198,#4247,#4248);
#3692=AXIS2_PLACEMENT_3D('',#5204,#4252,#4253);
#3693=AXIS2_PLACEMENT_3D('',#5208,#4256,#4257);
#3694=AXIS2_PLACEMENT_3D('',#5212,#4260,#4261);
#3695=AXIS2_PLACEMENT_3D('',#5214,#4263,#4264);
#3696=AXIS2_PLACEMENT_3D('',#5220,#4268,#4269);
#3697=AXIS2_PLACEMENT_3D('',#5224,#4272,#4273);
#3698=AXIS2_PLACEMENT_3D('',#5228,#4276,#4277);
#3699=AXIS2_PLACEMENT_3D('',#5230,#4279,#4280);
#3700=AXIS2_PLACEMENT_3D('',#5236,#4284,#4285);
#3701=AXIS2_PLACEMENT_3D('',#5240,#4288,#4289);
#3702=AXIS2_PLACEMENT_3D('',#5244,#4292,#4293);
#3703=AXIS2_PLACEMENT_3D('',#5246,#4295,#4296);
#3704=AXIS2_PLACEMENT_3D('',#5252,#4300,#4301);
#3705=AXIS2_PLACEMENT_3D('',#5256,#4304,#4305);
#3706=AXIS2_PLACEMENT_3D('',#5260,#4308,#4309);
#3707=AXIS2_PLACEMENT_3D('',#5262,#4311,#4312);
#3708=AXIS2_PLACEMENT_3D('',#5268,#4316,#4317);
#3709=AXIS2_PLACEMENT_3D('',#5272,#4320,#4321);
#3710=AXIS2_PLACEMENT_3D('',#5276,#4324,#4325);
#3711=AXIS2_PLACEMENT_3D('',#5278,#4327,#4328);
#3712=AXIS2_PLACEMENT_3D('',#5284,#4332,#4333);
#3713=AXIS2_PLACEMENT_3D('',#5288,#4336,#4337);
#3714=AXIS2_PLACEMENT_3D('',#5292,#4340,#4341);
#3715=AXIS2_PLACEMENT_3D('',#5294,#4343,#4344);
#3716=AXIS2_PLACEMENT_3D('',#5300,#4348,#4349);
#3717=AXIS2_PLACEMENT_3D('',#5304,#4352,#4353);
#3718=AXIS2_PLACEMENT_3D('',#5308,#4356,#4357);
#3719=AXIS2_PLACEMENT_3D('',#5310,#4359,#4360);
#3720=AXIS2_PLACEMENT_3D('',#5316,#4364,#4365);
#3721=AXIS2_PLACEMENT_3D('',#5320,#4368,#4369);
#3722=AXIS2_PLACEMENT_3D('',#5324,#4372,#4373);
#3723=AXIS2_PLACEMENT_3D('',#5326,#4375,#4376);
#3724=AXIS2_PLACEMENT_3D('',#5332,#4380,#4381);
#3725=AXIS2_PLACEMENT_3D('',#5336,#4384,#4385);
#3726=AXIS2_PLACEMENT_3D('',#5340,#4388,#4389);
#3727=AXIS2_PLACEMENT_3D('',#5342,#4391,#4392);
#3728=AXIS2_PLACEMENT_3D('',#5348,#4396,#4397);
#3729=AXIS2_PLACEMENT_3D('',#5352,#4400,#4401);
#3730=AXIS2_PLACEMENT_3D('',#5356,#4404,#4405);
#3731=AXIS2_PLACEMENT_3D('',#5358,#4407,#4408);
#3732=AXIS2_PLACEMENT_3D('',#5364,#4412,#4413);
#3733=AXIS2_PLACEMENT_3D('',#5368,#4416,#4417);
#3734=AXIS2_PLACEMENT_3D('',#5372,#4420,#4421);
#3735=AXIS2_PLACEMENT_3D('',#5374,#4423,#4424);
#3736=AXIS2_PLACEMENT_3D('',#5380,#4428,#4429);
#3737=AXIS2_PLACEMENT_3D('',#5384,#4432,#4433);
#3738=AXIS2_PLACEMENT_3D('',#5388,#4436,#4437);
#3739=AXIS2_PLACEMENT_3D('',#5390,#4439,#4440);
#3740=AXIS2_PLACEMENT_3D('',#5396,#4444,#4445);
#3741=AXIS2_PLACEMENT_3D('',#5400,#4448,#4449);
#3742=AXIS2_PLACEMENT_3D('',#5404,#4452,#4453);
#3743=AXIS2_PLACEMENT_3D('',#5406,#4455,#4456);
#3744=AXIS2_PLACEMENT_3D('',#5412,#4460,#4461);
#3745=AXIS2_PLACEMENT_3D('',#5416,#4464,#4465);
#3746=AXIS2_PLACEMENT_3D('',#5420,#4468,#4469);
#3747=AXIS2_PLACEMENT_3D('',#5422,#4471,#4472);
#3748=AXIS2_PLACEMENT_3D('',#5428,#4476,#4477);
#3749=AXIS2_PLACEMENT_3D('',#5432,#4480,#4481);
#3750=AXIS2_PLACEMENT_3D('',#5436,#4484,#4485);
#3751=AXIS2_PLACEMENT_3D('',#5438,#4487,#4488);
#3752=AXIS2_PLACEMENT_3D('',#5444,#4492,#4493);
#3753=AXIS2_PLACEMENT_3D('',#5448,#4496,#4497);
#3754=AXIS2_PLACEMENT_3D('',#5452,#4500,#4501);
#3755=AXIS2_PLACEMENT_3D('',#5454,#4503,#4504);
#3756=AXIS2_PLACEMENT_3D('',#5460,#4508,#4509);
#3757=AXIS2_PLACEMENT_3D('',#5464,#4512,#4513);
#3758=AXIS2_PLACEMENT_3D('',#5468,#4516,#4517);
#3759=AXIS2_PLACEMENT_3D('',#5470,#4519,#4520);
#3760=AXIS2_PLACEMENT_3D('',#5476,#4524,#4525);
#3761=AXIS2_PLACEMENT_3D('',#5480,#4528,#4529);
#3762=AXIS2_PLACEMENT_3D('',#5484,#4532,#4533);
#3763=AXIS2_PLACEMENT_3D('',#5486,#4535,#4536);
#3764=AXIS2_PLACEMENT_3D('',#5492,#4540,#4541);
#3765=AXIS2_PLACEMENT_3D('',#5496,#4544,#4545);
#3766=AXIS2_PLACEMENT_3D('',#5500,#4548,#4549);
#3767=AXIS2_PLACEMENT_3D('',#5502,#4551,#4552);
#3768=AXIS2_PLACEMENT_3D('',#5508,#4556,#4557);
#3769=AXIS2_PLACEMENT_3D('',#5512,#4560,#4561);
#3770=AXIS2_PLACEMENT_3D('',#5516,#4564,#4565);
#3771=AXIS2_PLACEMENT_3D('',#5518,#4567,#4568);
#3772=AXIS2_PLACEMENT_3D('',#5524,#4572,#4573);
#3773=AXIS2_PLACEMENT_3D('',#5528,#4576,#4577);
#3774=AXIS2_PLACEMENT_3D('',#5532,#4580,#4581);
#3775=AXIS2_PLACEMENT_3D('',#5534,#4583,#4584);
#3776=AXIS2_PLACEMENT_3D('',#5540,#4588,#4589);
#3777=AXIS2_PLACEMENT_3D('',#5544,#4592,#4593);
#3778=AXIS2_PLACEMENT_3D('',#5548,#4596,#4597);
#3779=AXIS2_PLACEMENT_3D('',#5550,#4599,#4600);
#3780=AXIS2_PLACEMENT_3D('',#5556,#4604,#4605);
#3781=AXIS2_PLACEMENT_3D('',#5560,#4608,#4609);
#3782=AXIS2_PLACEMENT_3D('',#5564,#4612,#4613);
#3783=AXIS2_PLACEMENT_3D('',#5566,#4615,#4616);
#3784=AXIS2_PLACEMENT_3D('',#5567,#4617,#4618);
#3785=AXIS2_PLACEMENT_3D('',#5568,#4619,#4620);
#3786=AXIS2_PLACEMENT_3D('',#5569,#4621,#4622);
#3787=AXIS2_PLACEMENT_3D('',#5570,#4623,#4624);
#3788=AXIS2_PLACEMENT_3D('',#5571,#4625,#4626);
#3789=AXIS2_PLACEMENT_3D('',#5572,#4627,#4628);
#3790=AXIS2_PLACEMENT_3D('',#5573,#4629,#4630);
#3791=AXIS2_PLACEMENT_3D('',#5574,#4631,#4632);
#3792=AXIS2_PLACEMENT_3D('',#5575,#4633,#4634);
#3793=AXIS2_PLACEMENT_3D('',#5576,#4635,#4636);
#3794=AXIS2_PLACEMENT_3D('',#5577,#4637,#4638);
#3795=AXIS2_PLACEMENT_3D('',#5578,#4639,#4640);
#3796=AXIS2_PLACEMENT_3D('',#5579,#4641,#4642);
#3797=AXIS2_PLACEMENT_3D('',#5580,#4643,#4644);
#3798=AXIS2_PLACEMENT_3D('',#5581,#4645,#4646);
#3799=AXIS2_PLACEMENT_3D('',#5582,#4647,#4648);
#3800=AXIS2_PLACEMENT_3D('',#5583,#4649,#4650);
#3801=DIRECTION('axis',(0.,0.,1.));
#3802=DIRECTION('refdir',(1.,0.,0.));
#3803=DIRECTION('center_axis',(0.707106781186548,-0.707106781186548,0.));
#3804=DIRECTION('ref_axis',(-0.707106781186548,-0.707106781186548,0.));
#3805=DIRECTION('',(0.,0.,1.));
#3806=DIRECTION('',(-0.707106781186548,-0.707106781186548,0.));
#3807=DIRECTION('',(0.,0.,1.));
#3808=DIRECTION('',(-0.707106781186548,-0.707106781186548,0.));
#3809=DIRECTION('center_axis',(0.,-1.,0.));
#3810=DIRECTION('ref_axis',(-1.,0.,0.));
#3811=DIRECTION('',(0.,0.,1.));
#3812=DIRECTION('',(-1.,0.,0.));
#3813=DIRECTION('',(-1.,0.,0.));
#3814=DIRECTION('center_axis',(1.,0.,0.));
#3815=DIRECTION('ref_axis',(0.,-1.,0.));
#3816=DIRECTION('',(0.,-1.,0.));
#3817=DIRECTION('',(0.,0.,1.));
#3818=DIRECTION('',(0.,-1.,0.));
#3819=DIRECTION('center_axis',(0.,0.,1.));
#3820=DIRECTION('ref_axis',(1.,0.,0.));
#3821=DIRECTION('',(0.,1.,0.));
#3822=DIRECTION('',(0.707106781186548,0.707106781186548,0.));
#3823=DIRECTION('',(-0.707106781186548,0.707106781186548,0.));
#3824=DIRECTION('',(0.,1.,0.));
#3825=DIRECTION('',(0.707106781186548,0.707106781186548,0.));
#3826=DIRECTION('',(-0.707106781186548,0.707106781186548,0.));
#3827=DIRECTION('',(0.,1.,0.));
#3828=DIRECTION('',(0.707106781186548,0.707106781186548,0.));
#3829=DIRECTION('',(-0.707106781186548,0.707106781186548,0.));
#3830=DIRECTION('',(0.,1.,0.));
#3831=DIRECTION('',(0.707106781186548,0.707106781186548,0.));
#3832=DIRECTION('',(-0.707106781186548,0.707106781186548,0.));
#3833=DIRECTION('',(0.,1.,0.));
#3834=DIRECTION('',(0.707106781186548,0.707106781186548,0.));
#3835=DIRECTION('',(1.,0.,0.));
#3836=DIRECTION('',(0.707106781186548,-0.707106781186548,0.));
#3837=DIRECTION('',(0.,-1.,0.));
#3838=DIRECTION('',(-0.707106781186548,-0.707106781186548,0.));
#3839=DIRECTION('',(0.707106781186548,-0.707106781186548,0.));
#3840=DIRECTION('',(0.,-1.,0.));
#3841=DIRECTION('',(-0.707106781186548,-0.707106781186548,0.));
#3842=DIRECTION('',(0.707106781186548,-0.707106781186548,0.));
#3843=DIRECTION('',(0.,-1.,0.));
#3844=DIRECTION('',(-0.707106781186548,-0.707106781186548,0.));
#3845=DIRECTION('',(0.707106781186548,-0.707106781186548,0.));
#3846=DIRECTION('',(0.,-1.,0.));
#3847=DIRECTION('',(-0.707106781186548,-0.707106781186548,0.));
#3848=DIRECTION('',(0.707106781186548,-0.707106781186548,0.));
#3849=DIRECTION('',(-0.707106781186548,0.707106781186548,0.));
#3850=DIRECTION('',(-1.,0.,0.));
#3851=DIRECTION('',(0.,1.,0.));
#3852=DIRECTION('',(-1.,0.,0.));
#3853=DIRECTION('',(0.,1.,0.));
#3854=DIRECTION('',(0.,1.,0.));
#3855=DIRECTION('',(-1.,0.,0.));
#3856=DIRECTION('',(0.,1.,0.));
#3857=DIRECTION('',(-1.,0.,0.));
#3858=DIRECTION('',(-1.,0.,0.));
#3859=DIRECTION('',(0.,1.,0.));
#3860=DIRECTION('',(-1.,0.,0.));
#3861=DIRECTION('',(0.,1.,0.));
#3862=DIRECTION('',(-1.,0.,0.));
#3863=DIRECTION('',(0.,1.,0.));
#3864=DIRECTION('',(-1.,0.,0.));
#3865=DIRECTION('',(0.,1.,0.));
#3866=DIRECTION('',(-1.,0.,0.));
#3867=DIRECTION('',(0.,1.,0.));
#3868=DIRECTION('',(-1.,0.,0.));
#3869=DIRECTION('',(0.,1.,0.));
#3870=DIRECTION('',(-1.,0.,0.));
#3871=DIRECTION('',(0.,1.,0.));
#3872=DIRECTION('',(-1.,0.,0.));
#3873=DIRECTION('',(0.,1.,0.));
#3874=DIRECTION('',(-1.,0.,0.));
#3875=DIRECTION('',(0.,1.,0.));
#3876=DIRECTION('',(-1.,0.,0.));
#3877=DIRECTION('',(0.,1.,0.));
#3878=DIRECTION('',(-1.,0.,0.));
#3879=DIRECTION('',(0.,1.,0.));
#3880=DIRECTION('',(-1.,0.,0.));
#3881=DIRECTION('',(0.,1.,0.));
#3882=DIRECTION('',(-1.,0.,0.));
#3883=DIRECTION('',(0.,1.,0.));
#3884=DIRECTION('',(-1.,0.,0.));
#3885=DIRECTION('',(0.,1.,0.));
#3886=DIRECTION('center_axis',(0.,0.,1.));
#3887=DIRECTION('ref_axis',(1.,0.,0.));
#3888=DIRECTION('',(0.,1.,0.));
#3889=DIRECTION('',(-0.707106781186548,0.707106781186548,0.));
#3890=DIRECTION('',(0.707106781186548,-0.707106781186548,0.));
#3891=DIRECTION('',(-0.707106781186548,-0.707106781186548,0.));
#3892=DIRECTION('',(0.,-1.,0.));
#3893=DIRECTION('',(0.707106781186548,-0.707106781186548,0.));
#3894=DIRECTION('',(-0.707106781186548,-0.707106781186548,0.));
#3895=DIRECTION('',(0.,-1.,0.));
#3896=DIRECTION('',(0.707106781186548,-0.707106781186548,0.));
#3897=DIRECTION('',(-0.707106781186548,-0.707106781186548,0.));
#3898=DIRECTION('',(0.,-1.,0.));
#3899=DIRECTION('',(0.707106781186548,-0.707106781186548,0.));
#3900=DIRECTION('',(-0.707106781186548,-0.707106781186548,0.));
#3901=DIRECTION('',(0.,-1.,0.));
#3902=DIRECTION('',(0.707106781186548,-0.707106781186548,0.));
#3903=DIRECTION('',(1.,0.,0.));
#3904=DIRECTION('',(0.707106781186548,0.707106781186548,0.));
#3905=DIRECTION('',(0.,1.,0.));
#3906=DIRECTION('',(-0.707106781186548,0.707106781186548,0.));
#3907=DIRECTION('',(0.707106781186548,0.707106781186548,0.));
#3908=DIRECTION('',(0.,1.,0.));
#3909=DIRECTION('',(-0.707106781186548,0.707106781186548,0.));
#3910=DIRECTION('',(0.707106781186548,0.707106781186548,0.));
#3911=DIRECTION('',(0.,1.,0.));
#3912=DIRECTION('',(-0.707106781186548,0.707106781186548,0.));
#3913=DIRECTION('',(0.707106781186548,0.707106781186548,0.));
#3914=DIRECTION('',(0.,1.,0.));
#3915=DIRECTION('',(-0.707106781186548,0.707106781186548,0.));
#3916=DIRECTION('',(0.707106781186548,0.707106781186548,0.));
#3917=DIRECTION('',(-1.,0.,0.));
#3918=DIRECTION('',(0.,1.,0.));
#3919=DIRECTION('',(-1.,0.,0.));
#3920=DIRECTION('',(0.,1.,0.));
#3921=DIRECTION('',(0.,1.,0.));
#3922=DIRECTION('',(-1.,0.,0.));
#3923=DIRECTION('',(0.,1.,0.));
#3924=DIRECTION('',(-1.,0.,0.));
#3925=DIRECTION('',(-1.,0.,0.));
#3926=DIRECTION('',(0.,1.,0.));
#3927=DIRECTION('',(-1.,0.,0.));
#3928=DIRECTION('',(0.,1.,0.));
#3929=DIRECTION('',(-1.,0.,0.));
#3930=DIRECTION('',(0.,1.,0.));
#3931=DIRECTION('',(-1.,0.,0.));
#3932=DIRECTION('',(0.,1.,0.));
#3933=DIRECTION('',(-1.,0.,0.));
#3934=DIRECTION('',(0.,1.,0.));
#3935=DIRECTION('',(-1.,0.,0.));
#3936=DIRECTION('',(0.,1.,0.));
#3937=DIRECTION('',(-1.,0.,0.));
#3938=DIRECTION('',(0.,1.,0.));
#3939=DIRECTION('',(-1.,0.,0.));
#3940=DIRECTION('',(0.,1.,0.));
#3941=DIRECTION('',(-1.,0.,0.));
#3942=DIRECTION('',(0.,1.,0.));
#3943=DIRECTION('',(-1.,0.,0.));
#3944=DIRECTION('',(0.,1.,0.));
#3945=DIRECTION('',(-1.,0.,0.));
#3946=DIRECTION('',(0.,1.,0.));
#3947=DIRECTION('',(-1.,0.,0.));
#3948=DIRECTION('',(0.,1.,0.));
#3949=DIRECTION('',(-1.,0.,0.));
#3950=DIRECTION('',(0.,1.,0.));
#3951=DIRECTION('',(-1.,0.,0.));
#3952=DIRECTION('',(0.,1.,0.));
#3953=DIRECTION('center_axis',(-0.707106781186548,-0.707106781186548,0.));
#3954=DIRECTION('ref_axis',(-0.707106781186548,0.707106781186548,0.));
#3955=DIRECTION('',(0.,0.,1.));
#3956=DIRECTION('center_axis',(0.707106781186548,0.707106781186548,0.));
#3957=DIRECTION('ref_axis',(0.707106781186548,-0.707106781186548,0.));
#3958=DIRECTION('',(0.,0.,1.));
#3959=DIRECTION('center_axis',(-1.,0.,0.));
#3960=DIRECTION('ref_axis',(0.,1.,0.));
#3961=DIRECTION('',(0.,0.,1.));
#3962=DIRECTION('center_axis',(0.707106781186548,-0.707106781186548,0.));
#3963=DIRECTION('ref_axis',(-0.707106781186548,-0.707106781186548,0.));
#3964=DIRECTION('',(0.,0.,1.));
#3965=DIRECTION('center_axis',(-0.707106781186548,0.707106781186548,0.));
#3966=DIRECTION('ref_axis',(0.707106781186548,0.707106781186548,0.));
#3967=DIRECTION('',(0.,0.,1.));
#3968=DIRECTION('center_axis',(1.,0.,0.));
#3969=DIRECTION('ref_axis',(0.,-1.,0.));
#3970=DIRECTION('',(0.,0.,1.));
#3971=DIRECTION('center_axis',(-0.707106781186548,-0.707106781186548,0.));
#3972=DIRECTION('ref_axis',(-0.707106781186548,0.707106781186548,0.));
#3973=DIRECTION('',(0.,0.,1.));
#3974=DIRECTION('center_axis',(0.707106781186548,0.707106781186548,0.));
#3975=DIRECTION('ref_axis',(0.707106781186548,-0.707106781186548,0.));
#3976=DIRECTION('',(0.,0.,1.));
#3977=DIRECTION('center_axis',(-1.,0.,0.));
#3978=DIRECTION('ref_axis',(0.,1.,0.));
#3979=DIRECTION('',(0.,0.,1.));
#3980=DIRECTION('center_axis',(0.707106781186548,-0.707106781186548,0.));
#3981=DIRECTION('ref_axis',(-0.707106781186548,-0.707106781186548,0.));
#3982=DIRECTION('',(0.,0.,1.));
#3983=DIRECTION('center_axis',(-0.707106781186548,0.707106781186548,0.));
#3984=DIRECTION('ref_axis',(0.707106781186548,0.707106781186548,0.));
#3985=DIRECTION('',(0.,0.,1.));
#3986=DIRECTION('center_axis',(1.,0.,0.));
#3987=DIRECTION('ref_axis',(0.,-1.,0.));
#3988=DIRECTION('',(0.,0.,1.));
#3989=DIRECTION('center_axis',(-0.707106781186548,-0.707106781186548,0.));
#3990=DIRECTION('ref_axis',(-0.707106781186548,0.707106781186548,0.));
#3991=DIRECTION('',(0.,0.,1.));
#3992=DIRECTION('center_axis',(0.707106781186548,0.707106781186548,0.));
#3993=DIRECTION('ref_axis',(0.707106781186548,-0.707106781186548,0.));
#3994=DIRECTION('',(0.,0.,1.));
#3995=DIRECTION('center_axis',(-1.,0.,0.));
#3996=DIRECTION('ref_axis',(0.,1.,0.));
#3997=DIRECTION('',(0.,0.,1.));
#3998=DIRECTION('center_axis',(0.707106781186548,-0.707106781186548,0.));
#3999=DIRECTION('ref_axis',(-0.707106781186548,-0.707106781186548,0.));
#4000=DIRECTION('',(0.,0.,1.));
#4001=DIRECTION('center_axis',(-0.707106781186548,0.707106781186548,0.));
#4002=DIRECTION('ref_axis',(0.707106781186548,0.707106781186548,0.));
#4003=DIRECTION('',(0.,0.,1.));
#4004=DIRECTION('center_axis',(1.,0.,0.));
#4005=DIRECTION('ref_axis',(0.,-1.,0.));
#4006=DIRECTION('',(0.,0.,1.));
#4007=DIRECTION('center_axis',(-0.707106781186548,-0.707106781186548,0.));
#4008=DIRECTION('ref_axis',(-0.707106781186548,0.707106781186548,0.));
#4009=DIRECTION('',(0.,0.,1.));
#4010=DIRECTION('center_axis',(0.707106781186548,0.707106781186548,0.));
#4011=DIRECTION('ref_axis',(0.707106781186548,-0.707106781186548,0.));
#4012=DIRECTION('',(0.,0.,1.));
#4013=DIRECTION('center_axis',(-1.,0.,0.));
#4014=DIRECTION('ref_axis',(0.,1.,0.));
#4015=DIRECTION('',(0.,0.,1.));
#4016=DIRECTION('center_axis',(0.707106781186548,-0.707106781186548,0.));
#4017=DIRECTION('ref_axis',(-0.707106781186548,-0.707106781186548,0.));
#4018=DIRECTION('',(0.,0.,1.));
#4019=DIRECTION('center_axis',(-0.707106781186548,0.707106781186548,0.));
#4020=DIRECTION('ref_axis',(0.707106781186548,0.707106781186548,0.));
#4021=DIRECTION('',(0.,0.,1.));
#4022=DIRECTION('center_axis',(1.,0.,0.));
#4023=DIRECTION('ref_axis',(0.,-1.,0.));
#4024=DIRECTION('',(0.,0.,1.));
#4025=DIRECTION('center_axis',(-0.707106781186548,-0.707106781186548,0.));
#4026=DIRECTION('ref_axis',(-0.707106781186548,0.707106781186548,0.));
#4027=DIRECTION('',(0.,0.,1.));
#4028=DIRECTION('center_axis',(0.707106781186548,0.707106781186548,0.));
#4029=DIRECTION('ref_axis',(0.707106781186548,-0.707106781186548,0.));
#4030=DIRECTION('',(0.,0.,1.));
#4031=DIRECTION('center_axis',(-1.,0.,0.));
#4032=DIRECTION('ref_axis',(0.,1.,0.));
#4033=DIRECTION('',(0.,0.,1.));
#4034=DIRECTION('center_axis',(0.,1.,0.));
#4035=DIRECTION('ref_axis',(1.,0.,0.));
#4036=DIRECTION('',(0.,0.,1.));
#4037=DIRECTION('center_axis',(-0.707106781186548,0.707106781186548,0.));
#4038=DIRECTION('ref_axis',(0.707106781186548,0.707106781186548,0.));
#4039=DIRECTION('center_axis',(0.,1.,0.));
#4040=DIRECTION('ref_axis',(0.,0.,1.));
#4041=DIRECTION('',(0.,0.,1.));
#4042=DIRECTION('',(0.,0.,1.));
#4043=DIRECTION('',(1.,0.,0.));
#4044=DIRECTION('center_axis',(1.,0.,0.));
#4045=DIRECTION('ref_axis',(0.,0.,1.));
#4046=DIRECTION('',(0.,1.,0.));
#4047=DIRECTION('',(0.,0.,1.));
#4048=DIRECTION('center_axis',(0.,1.,0.));
#4049=DIRECTION('ref_axis',(0.,0.,1.));
#4050=DIRECTION('',(1.,0.,0.));
#4051=DIRECTION('',(0.,0.,1.));
#4052=DIRECTION('center_axis',(1.,0.,0.));
#4053=DIRECTION('ref_axis',(0.,0.,1.));
#4054=DIRECTION('',(0.,1.,0.));
#4055=DIRECTION('center_axis',(1.,0.,0.));
#4056=DIRECTION('ref_axis',(0.,0.,1.));
#4057=DIRECTION('',(0.,0.,1.));
#4058=DIRECTION('',(0.,1.,0.));
#4059=DIRECTION('',(0.,0.,1.));
#4060=DIRECTION('center_axis',(0.,1.,0.));
#4061=DIRECTION('ref_axis',(0.,0.,1.));
#4062=DIRECTION('',(1.,0.,0.));
#4063=DIRECTION('',(0.,0.,1.));
#4064=DIRECTION('center_axis',(1.,0.,0.));
#4065=DIRECTION('ref_axis',(0.,0.,1.));
#4066=DIRECTION('',(0.,0.,1.));
#4067=DIRECTION('',(0.,1.,0.));
#4068=DIRECTION('center_axis',(0.,1.,0.));
#4069=DIRECTION('ref_axis',(0.,0.,1.));
#4070=DIRECTION('',(1.,0.,0.));
#4071=DIRECTION('center_axis',(0.,1.,0.));
#4072=DIRECTION('ref_axis',(0.,0.,1.));
#4073=DIRECTION('',(0.,0.,1.));
#4074=DIRECTION('',(1.,0.,0.));
#4075=DIRECTION('',(0.,0.,1.));
#4076=DIRECTION('center_axis',(1.,0.,0.));
#4077=DIRECTION('ref_axis',(0.,0.,1.));
#4078=DIRECTION('',(0.,0.,1.));
#4079=DIRECTION('',(0.,1.,0.));
#4080=DIRECTION('center_axis',(0.,1.,0.));
#4081=DIRECTION('ref_axis',(0.,0.,1.));
#4082=DIRECTION('',(0.,0.,1.));
#4083=DIRECTION('',(1.,0.,0.));
#4084=DIRECTION('center_axis',(1.,0.,0.));
#4085=DIRECTION('ref_axis',(0.,0.,1.));
#4086=DIRECTION('',(0.,1.,0.));
#4087=DIRECTION('center_axis',(0.,1.,0.));
#4088=DIRECTION('ref_axis',(0.,0.,1.));
#4089=DIRECTION('',(0.,0.,1.));
#4090=DIRECTION('',(0.,0.,1.));
#4091=DIRECTION('',(1.,0.,0.));
#4092=DIRECTION('center_axis',(1.,0.,0.));
#4093=DIRECTION('ref_axis',(0.,0.,1.));
#4094=DIRECTION('',(0.,1.,0.));
#4095=DIRECTION('',(0.,0.,1.));
#4096=DIRECTION('center_axis',(0.,1.,0.));
#4097=DIRECTION('ref_axis',(0.,0.,1.));
#4098=DIRECTION('',(1.,0.,0.));
#4099=DIRECTION('',(0.,0.,1.));
#4100=DIRECTION('center_axis',(1.,0.,0.));
#4101=DIRECTION('ref_axis',(0.,0.,1.));
#4102=DIRECTION('',(0.,1.,0.));
#4103=DIRECTION('center_axis',(0.,1.,0.));
#4104=DIRECTION('ref_axis',(0.,0.,1.));
#4105=DIRECTION('',(0.,0.,1.));
#4106=DIRECTION('',(0.,0.,1.));
#4107=DIRECTION('',(1.,0.,0.));
#4108=DIRECTION('center_axis',(1.,0.,0.));
#4109=DIRECTION('ref_axis',(0.,0.,1.));
#4110=DIRECTION('',(0.,1.,0.));
#4111=DIRECTION('',(0.,0.,1.));
#4112=DIRECTION('center_axis',(0.,1.,0.));
#4113=DIRECTION('ref_axis',(0.,0.,1.));
#4114=DIRECTION('',(1.,0.,0.));
#4115=DIRECTION('',(0.,0.,1.));
#4116=DIRECTION('center_axis',(1.,0.,0.));
#4117=DIRECTION('ref_axis',(0.,0.,1.));
#4118=DIRECTION('',(0.,1.,0.));
#4119=DIRECTION('center_axis',(0.,1.,0.));
#4120=DIRECTION('ref_axis',(0.,0.,1.));
#4121=DIRECTION('',(0.,0.,1.));
#4122=DIRECTION('',(0.,0.,1.));
#4123=DIRECTION('',(1.,0.,0.));
#4124=DIRECTION('center_axis',(1.,0.,0.));
#4125=DIRECTION('ref_axis',(0.,0.,1.));
#4126=DIRECTION('',(0.,1.,0.));
#4127=DIRECTION('',(0.,0.,1.));
#4128=DIRECTION('center_axis',(0.,1.,0.));
#4129=DIRECTION('ref_axis',(0.,0.,1.));
#4130=DIRECTION('',(1.,0.,0.));
#4131=DIRECTION('',(0.,0.,1.));
#4132=DIRECTION('center_axis',(1.,0.,0.));
#4133=DIRECTION('ref_axis',(0.,0.,1.));
#4134=DIRECTION('',(0.,1.,0.));
#4135=DIRECTION('center_axis',(0.,1.,0.));
#4136=DIRECTION('ref_axis',(0.,0.,1.));
#4137=DIRECTION('',(0.,0.,1.));
#4138=DIRECTION('',(1.,0.,0.));
#4139=DIRECTION('',(0.,0.,1.));
#4140=DIRECTION('center_axis',(1.,0.,0.));
#4141=DIRECTION('ref_axis',(0.,0.,1.));
#4142=DIRECTION('',(0.,0.,1.));
#4143=DIRECTION('',(0.,1.,0.));
#4144=DIRECTION('center_axis',(0.,1.,0.));
#4145=DIRECTION('ref_axis',(0.,0.,1.));
#4146=DIRECTION('',(0.,0.,1.));
#4147=DIRECTION('',(1.,0.,0.));
#4148=DIRECTION('center_axis',(1.,0.,0.));
#4149=DIRECTION('ref_axis',(0.,0.,1.));
#4150=DIRECTION('',(0.,1.,0.));
#4151=DIRECTION('center_axis',(0.,1.,0.));
#4152=DIRECTION('ref_axis',(0.,0.,1.));
#4153=DIRECTION('',(0.,0.,1.));
#4154=DIRECTION('',(1.,0.,0.));
#4155=DIRECTION('',(0.,0.,1.));
#4156=DIRECTION('center_axis',(1.,0.,0.));
#4157=DIRECTION('ref_axis',(0.,0.,1.));
#4158=DIRECTION('',(0.,0.,1.));
#4159=DIRECTION('',(0.,1.,0.));
#4160=DIRECTION('center_axis',(0.,1.,0.));
#4161=DIRECTION('ref_axis',(0.,0.,1.));
#4162=DIRECTION('',(0.,0.,1.));
#4163=DIRECTION('',(1.,0.,0.));
#4164=DIRECTION('center_axis',(1.,0.,0.));
#4165=DIRECTION('ref_axis',(0.,0.,1.));
#4166=DIRECTION('',(0.,1.,0.));
#4167=DIRECTION('center_axis',(0.,1.,0.));
#4168=DIRECTION('ref_axis',(0.,0.,1.));
#4169=DIRECTION('',(0.,0.,1.));
#4170=DIRECTION('',(1.,0.,0.));
#4171=DIRECTION('',(0.,0.,1.));
#4172=DIRECTION('center_axis',(1.,0.,0.));
#4173=DIRECTION('ref_axis',(0.,0.,1.));
#4174=DIRECTION('',(0.,0.,1.));
#4175=DIRECTION('',(0.,1.,0.));
#4176=DIRECTION('center_axis',(0.,1.,0.));
#4177=DIRECTION('ref_axis',(0.,0.,1.));
#4178=DIRECTION('',(0.,0.,1.));
#4179=DIRECTION('',(1.,0.,0.));
#4180=DIRECTION('center_axis',(1.,0.,0.));
#4181=DIRECTION('ref_axis',(0.,0.,1.));
#4182=DIRECTION('',(0.,1.,0.));
#4183=DIRECTION('center_axis',(0.,1.,0.));
#4184=DIRECTION('ref_axis',(0.,0.,1.));
#4185=DIRECTION('',(0.,0.,1.));
#4186=DIRECTION('',(1.,0.,0.));
#4187=DIRECTION('',(0.,0.,1.));
#4188=DIRECTION('center_axis',(1.,0.,0.));
#4189=DIRECTION('ref_axis',(0.,0.,1.));
#4190=DIRECTION('',(0.,0.,1.));
#4191=DIRECTION('',(0.,1.,0.));
#4192=DIRECTION('center_axis',(0.,1.,0.));
#4193=DIRECTION('ref_axis',(0.,0.,1.));
#4194=DIRECTION('',(0.,0.,1.));
#4195=DIRECTION('',(1.,0.,0.));
#4196=DIRECTION('center_axis',(1.,0.,0.));
#4197=DIRECTION('ref_axis',(0.,0.,1.));
#4198=DIRECTION('',(0.,1.,0.));
#4199=DIRECTION('center_axis',(1.,0.,0.));
#4200=DIRECTION('ref_axis',(0.,0.,1.));
#4201=DIRECTION('',(0.,0.,1.));
#4202=DIRECTION('',(0.,0.,1.));
#4203=DIRECTION('',(0.,1.,0.));
#4204=DIRECTION('center_axis',(0.,1.,0.));
#4205=DIRECTION('ref_axis',(0.,0.,1.));
#4206=DIRECTION('',(0.,0.,1.));
#4207=DIRECTION('',(1.,0.,0.));
#4208=DIRECTION('center_axis',(1.,0.,0.));
#4209=DIRECTION('ref_axis',(0.,0.,1.));
#4210=DIRECTION('',(0.,0.,1.));
#4211=DIRECTION('',(0.,1.,0.));
#4212=DIRECTION('center_axis',(0.,1.,0.));
#4213=DIRECTION('ref_axis',(0.,0.,1.));
#4214=DIRECTION('',(1.,0.,0.));
#4215=DIRECTION('center_axis',(0.,1.,0.));
#4216=DIRECTION('ref_axis',(0.,0.,1.));
#4217=DIRECTION('',(0.,0.,1.));
#4218=DIRECTION('',(0.,0.,1.));
#4219=DIRECTION('',(1.,0.,0.));
#4220=DIRECTION('center_axis',(1.,0.,0.));
#4221=DIRECTION('ref_axis',(0.,0.,1.));
#4222=DIRECTION('',(0.,0.,1.));
#4223=DIRECTION('',(0.,1.,0.));
#4224=DIRECTION('center_axis',(0.,1.,0.));
#4225=DIRECTION('ref_axis',(0.,0.,1.));
#4226=DIRECTION('',(0.,0.,1.));
#4227=DIRECTION('',(1.,0.,0.));
#4228=DIRECTION('center_axis',(1.,0.,0.));
#4229=DIRECTION('ref_axis',(0.,0.,1.));
#4230=DIRECTION('',(0.,1.,0.));
#4231=DIRECTION('center_axis',(0.,1.,0.));
#4232=DIRECTION('ref_axis',(0.,0.,1.));
#4233=DIRECTION('',(0.,0.,1.));
#4234=DIRECTION('',(1.,0.,0.));
#4235=DIRECTION('',(0.,0.,1.));
#4236=DIRECTION('center_axis',(1.,0.,0.));
#4237=DIRECTION('ref_axis',(0.,0.,1.));
#4238=DIRECTION('',(0.,0.,1.));
#4239=DIRECTION('',(0.,1.,0.));
#4240=DIRECTION('center_axis',(0.,1.,0.));
#4241=DIRECTION('ref_axis',(0.,0.,1.));
#4242=DIRECTION('',(0.,0.,1.));
#4243=DIRECTION('',(1.,0.,0.));
#4244=DIRECTION('center_axis',(1.,0.,0.));
#4245=DIRECTION('ref_axis',(0.,0.,1.));
#4246=DIRECTION('',(0.,1.,0.));
#4247=DIRECTION('center_axis',(0.,1.,0.));
#4248=DIRECTION('ref_axis',(0.,0.,1.));
#4249=DIRECTION('',(0.,0.,1.));
#4250=DIRECTION('',(1.,0.,0.));
#4251=DIRECTION('',(0.,0.,1.));
#4252=DIRECTION('center_axis',(1.,0.,0.));
#4253=DIRECTION('ref_axis',(0.,0.,1.));
#4254=DIRECTION('',(0.,0.,1.));
#4255=DIRECTION('',(0.,1.,0.));
#4256=DIRECTION('center_axis',(0.,1.,0.));
#4257=DIRECTION('ref_axis',(0.,0.,1.));
#4258=DIRECTION('',(0.,0.,1.));
#4259=DIRECTION('',(1.,0.,0.));
#4260=DIRECTION('center_axis',(1.,0.,0.));
#4261=DIRECTION('ref_axis',(0.,0.,1.));
#4262=DIRECTION('',(0.,1.,0.));
#4263=DIRECTION('center_axis',(0.,1.,0.));
#4264=DIRECTION('ref_axis',(0.,0.,1.));
#4265=DIRECTION('',(0.,0.,1.));
#4266=DIRECTION('',(1.,0.,0.));
#4267=DIRECTION('',(0.,0.,1.));
#4268=DIRECTION('center_axis',(1.,0.,0.));
#4269=DIRECTION('ref_axis',(0.,0.,1.));
#4270=DIRECTION('',(0.,0.,1.));
#4271=DIRECTION('',(0.,1.,0.));
#4272=DIRECTION('center_axis',(0.,1.,0.));
#4273=DIRECTION('ref_axis',(0.,0.,1.));
#4274=DIRECTION('',(0.,0.,1.));
#4275=DIRECTION('',(1.,0.,0.));
#4276=DIRECTION('center_axis',(1.,0.,0.));
#4277=DIRECTION('ref_axis',(0.,0.,1.));
#4278=DIRECTION('',(0.,1.,0.));
#4279=DIRECTION('center_axis',(0.,1.,0.));
#4280=DIRECTION('ref_axis',(0.,0.,1.));
#4281=DIRECTION('',(0.,0.,1.));
#4282=DIRECTION('',(0.,0.,1.));
#4283=DIRECTION('',(1.,0.,0.));
#4284=DIRECTION('center_axis',(1.,0.,0.));
#4285=DIRECTION('ref_axis',(0.,0.,1.));
#4286=DIRECTION('',(0.,0.,1.));
#4287=DIRECTION('',(0.,1.,0.));
#4288=DIRECTION('center_axis',(0.,1.,0.));
#4289=DIRECTION('ref_axis',(0.,0.,1.));
#4290=DIRECTION('',(0.,0.,1.));
#4291=DIRECTION('',(1.,0.,0.));
#4292=DIRECTION('center_axis',(1.,0.,0.));
#4293=DIRECTION('ref_axis',(0.,0.,1.));
#4294=DIRECTION('',(0.,1.,0.));
#4295=DIRECTION('center_axis',(0.,1.,0.));
#4296=DIRECTION('ref_axis',(0.,0.,1.));
#4297=DIRECTION('',(0.,0.,1.));
#4298=DIRECTION('',(0.,0.,1.));
#4299=DIRECTION('',(1.,0.,0.));
#4300=DIRECTION('center_axis',(1.,0.,0.));
#4301=DIRECTION('ref_axis',(0.,0.,1.));
#4302=DIRECTION('',(0.,0.,1.));
#4303=DIRECTION('',(0.,1.,0.));
#4304=DIRECTION('center_axis',(0.,1.,0.));
#4305=DIRECTION('ref_axis',(0.,0.,1.));
#4306=DIRECTION('',(0.,0.,1.));
#4307=DIRECTION('',(1.,0.,0.));
#4308=DIRECTION('center_axis',(1.,0.,0.));
#4309=DIRECTION('ref_axis',(0.,0.,1.));
#4310=DIRECTION('',(0.,1.,0.));
#4311=DIRECTION('center_axis',(0.,1.,0.));
#4312=DIRECTION('ref_axis',(0.,0.,1.));
#4313=DIRECTION('',(0.,0.,1.));
#4314=DIRECTION('',(0.,0.,1.));
#4315=DIRECTION('',(1.,0.,0.));
#4316=DIRECTION('center_axis',(1.,0.,0.));
#4317=DIRECTION('ref_axis',(0.,0.,1.));
#4318=DIRECTION('',(0.,0.,1.));
#4319=DIRECTION('',(0.,1.,0.));
#4320=DIRECTION('center_axis',(0.,1.,0.));
#4321=DIRECTION('ref_axis',(0.,0.,1.));
#4322=DIRECTION('',(0.,0.,1.));
#4323=DIRECTION('',(1.,0.,0.));
#4324=DIRECTION('center_axis',(1.,0.,0.));
#4325=DIRECTION('ref_axis',(0.,0.,1.));
#4326=DIRECTION('',(0.,1.,0.));
#4327=DIRECTION('center_axis',(1.73516750835689E-18,-0.707106781186548,
-0.707106781186548));
#4328=DIRECTION('ref_axis',(-1.,-1.22694871165372E-18,-1.22694871165372E-18));
#4329=DIRECTION('',(0.577350269189626,0.577350269189626,-0.577350269189626));
#4330=DIRECTION('',(1.,0.,0.));
#4331=DIRECTION('',(-0.577350269189626,0.577350269189626,-0.577350269189626));
#4332=DIRECTION('center_axis',(-0.707106781186548,1.73516750835689E-18,
0.707106781186548));
#4333=DIRECTION('ref_axis',(1.22694871165372E-18,1.,-1.22694871165372E-18));
#4334=DIRECTION('',(0.,1.,0.));
#4335=DIRECTION('',(-0.577350269189626,-0.577350269189626,-0.577350269189626));
#4336=DIRECTION('center_axis',(-1.73516750835689E-18,-0.707106781186548,
0.707106781186548));
#4337=DIRECTION('ref_axis',(-1.,1.22694871165372E-18,-1.22694871165372E-18));
#4338=DIRECTION('',(0.577350269189626,-0.577350269189626,-0.577350269189626));
#4339=DIRECTION('',(1.,0.,0.));
#4340=DIRECTION('center_axis',(-0.707106781186548,-1.73516750835689E-18,
-0.707106781186548));
#4341=DIRECTION('ref_axis',(-1.22694871165372E-18,1.,-1.22694871165372E-18));
#4342=DIRECTION('',(0.,1.,0.));
#4343=DIRECTION('center_axis',(-0.707106781186548,1.73516750835689E-18,
0.707106781186548));
#4344=DIRECTION('ref_axis',(1.22694871165372E-18,1.,-1.22694871165372E-18));
#4345=DIRECTION('',(-0.577350269189626,0.577350269189626,-0.577350269189626));
#4346=DIRECTION('',(0.,1.,0.));
#4347=DIRECTION('',(-0.577350269189626,-0.577350269189626,-0.577350269189626));
#4348=DIRECTION('center_axis',(-1.73516750835689E-18,-0.707106781186548,
0.707106781186548));
#4349=DIRECTION('ref_axis',(-1.,1.22694871165372E-18,-1.22694871165372E-18));
#4350=DIRECTION('',(0.577350269189626,-0.577350269189626,-0.577350269189626));
#4351=DIRECTION('',(1.,0.,0.));
#4352=DIRECTION('center_axis',(-0.707106781186548,-1.73516750835689E-18,
-0.707106781186548));
#4353=DIRECTION('ref_axis',(-1.22694871165372E-18,1.,-1.22694871165372E-18));
#4354=DIRECTION('',(0.577350269189626,0.577350269189626,-0.577350269189626));
#4355=DIRECTION('',(0.,1.,0.));
#4356=DIRECTION('center_axis',(1.73516750835689E-18,-0.707106781186548,
-0.707106781186548));
#4357=DIRECTION('ref_axis',(-1.,-1.22694871165372E-18,-1.22694871165372E-18));
#4358=DIRECTION('',(1.,0.,0.));
#4359=DIRECTION('center_axis',(-1.73516750835689E-18,-0.707106781186548,
0.707106781186548));
#4360=DIRECTION('ref_axis',(-1.,1.22694871165372E-18,-1.22694871165372E-18));
#4361=DIRECTION('',(0.577350269189626,-0.577350269189626,-0.577350269189626));
#4362=DIRECTION('',(-0.577350269189626,-0.577350269189626,-0.577350269189626));
#4363=DIRECTION('',(1.,0.,0.));
#4364=DIRECTION('center_axis',(-0.707106781186548,-1.73516750835689E-18,
-0.707106781186548));
#4365=DIRECTION('ref_axis',(-1.22694871165372E-18,1.,-1.22694871165372E-18));
#4366=DIRECTION('',(0.577350269189626,0.577350269189626,-0.577350269189626));
#4367=DIRECTION('',(0.,1.,0.));
#4368=DIRECTION('center_axis',(1.73516750835689E-18,-0.707106781186548,
-0.707106781186548));
#4369=DIRECTION('ref_axis',(-1.,-1.22694871165372E-18,-1.22694871165372E-18));
#4370=DIRECTION('',(1.,0.,0.));
#4371=DIRECTION('',(-0.577350269189626,0.577350269189626,-0.577350269189626));
#4372=DIRECTION('center_axis',(-0.707106781186548,1.73516750835689E-18,
0.707106781186548));
#4373=DIRECTION('ref_axis',(1.22694871165372E-18,1.,-1.22694871165372E-18));
#4374=DIRECTION('',(0.,1.,0.));
#4375=DIRECTION('center_axis',(1.73516750835689E-18,-0.707106781186548,
-0.707106781186548));
#4376=DIRECTION('ref_axis',(-1.,-1.22694871165372E-18,-1.22694871165372E-18));
#4377=DIRECTION('',(0.577350269189626,0.577350269189626,-0.577350269189626));
#4378=DIRECTION('',(1.,0.,0.));
#4379=DIRECTION('',(-0.577350269189626,0.577350269189626,-0.577350269189626));
#4380=DIRECTION('center_axis',(-0.707106781186548,1.73516750835689E-18,
0.707106781186548));
#4381=DIRECTION('ref_axis',(1.22694871165372E-18,1.,-1.22694871165372E-18));
#4382=DIRECTION('',(0.,1.,0.));
#4383=DIRECTION('',(-0.577350269189626,-0.577350269189626,-0.577350269189626));
#4384=DIRECTION('center_axis',(-1.73516750835689E-18,-0.707106781186548,
0.707106781186548));
#4385=DIRECTION('ref_axis',(-1.,1.22694871165372E-18,-1.22694871165372E-18));
#4386=DIRECTION('',(0.577350269189626,-0.577350269189626,-0.577350269189626));
#4387=DIRECTION('',(1.,0.,0.));
#4388=DIRECTION('center_axis',(-0.707106781186548,-1.73516750835689E-18,
-0.707106781186548));
#4389=DIRECTION('ref_axis',(-1.22694871165372E-18,1.,-1.22694871165372E-18));
#4390=DIRECTION('',(0.,1.,0.));
#4391=DIRECTION('center_axis',(1.73516750835689E-18,-0.707106781186548,
-0.707106781186548));
#4392=DIRECTION('ref_axis',(-1.,-1.22694871165372E-18,-1.22694871165372E-18));
#4393=DIRECTION('',(0.577350269189626,0.577350269189626,-0.577350269189626));
#4394=DIRECTION('',(1.,0.,0.));
#4395=DIRECTION('',(-0.577350269189626,0.577350269189626,-0.577350269189626));
#4396=DIRECTION('center_axis',(-0.707106781186548,1.73516750835689E-18,
0.707106781186548));
#4397=DIRECTION('ref_axis',(1.22694871165372E-18,1.,-1.22694871165372E-18));
#4398=DIRECTION('',(0.,1.,0.));
#4399=DIRECTION('',(-0.577350269189626,-0.577350269189626,-0.577350269189626));
#4400=DIRECTION('center_axis',(-1.73516750835689E-18,-0.707106781186548,
0.707106781186548));
#4401=DIRECTION('ref_axis',(-1.,1.22694871165372E-18,-1.22694871165372E-18));
#4402=DIRECTION('',(0.577350269189626,-0.577350269189626,-0.577350269189626));
#4403=DIRECTION('',(1.,0.,0.));
#4404=DIRECTION('center_axis',(-0.707106781186548,-1.73516750835689E-18,
-0.707106781186548));
#4405=DIRECTION('ref_axis',(-1.22694871165372E-18,1.,-1.22694871165372E-18));
#4406=DIRECTION('',(0.,1.,0.));
#4407=DIRECTION('center_axis',(1.73516750835689E-18,-0.707106781186548,
-0.707106781186548));
#4408=DIRECTION('ref_axis',(-1.,-1.22694871165372E-18,-1.22694871165372E-18));
#4409=DIRECTION('',(0.577350269189626,0.577350269189626,-0.577350269189626));
#4410=DIRECTION('',(1.,0.,0.));
#4411=DIRECTION('',(-0.577350269189626,0.577350269189626,-0.577350269189626));
#4412=DIRECTION('center_axis',(-0.707106781186548,1.73516750835689E-18,
0.707106781186548));
#4413=DIRECTION('ref_axis',(1.22694871165372E-18,1.,-1.22694871165372E-18));
#4414=DIRECTION('',(0.,1.,0.));
#4415=DIRECTION('',(-0.577350269189626,-0.577350269189626,-0.577350269189626));
#4416=DIRECTION('center_axis',(-1.73516750835689E-18,-0.707106781186548,
0.707106781186548));
#4417=DIRECTION('ref_axis',(-1.,1.22694871165372E-18,-1.22694871165372E-18));
#4418=DIRECTION('',(0.577350269189626,-0.577350269189626,-0.577350269189626));
#4419=DIRECTION('',(1.,0.,0.));
#4420=DIRECTION('center_axis',(-0.707106781186548,-1.73516750835689E-18,
-0.707106781186548));
#4421=DIRECTION('ref_axis',(-1.22694871165372E-18,1.,-1.22694871165372E-18));
#4422=DIRECTION('',(0.,1.,0.));
#4423=DIRECTION('center_axis',(-1.73516750835689E-18,-0.707106781186548,
0.707106781186548));
#4424=DIRECTION('ref_axis',(-1.,1.22694871165372E-18,-1.22694871165372E-18));
#4425=DIRECTION('',(0.577350269189626,-0.577350269189626,-0.577350269189626));
#4426=DIRECTION('',(-0.577350269189626,-0.577350269189626,-0.577350269189626));
#4427=DIRECTION('',(1.,0.,0.));
#4428=DIRECTION('center_axis',(-0.707106781186548,-1.73516750835689E-18,
-0.707106781186548));
#4429=DIRECTION('ref_axis',(-1.22694871165372E-18,1.,-1.22694871165372E-18));
#4430=DIRECTION('',(0.577350269189626,0.577350269189626,-0.577350269189626));
#4431=DIRECTION('',(0.,1.,0.));
#4432=DIRECTION('center_axis',(1.73516750835689E-18,-0.707106781186548,
-0.707106781186548));
#4433=DIRECTION('ref_axis',(-1.,-1.22694871165372E-18,-1.22694871165372E-18));
#4434=DIRECTION('',(1.,0.,0.));
#4435=DIRECTION('',(-0.577350269189626,0.577350269189626,-0.577350269189626));
#4436=DIRECTION('center_axis',(-0.707106781186548,1.73516750835689E-18,
0.707106781186548));
#4437=DIRECTION('ref_axis',(1.22694871165372E-18,1.,-1.22694871165372E-18));
#4438=DIRECTION('',(0.,1.,0.));
#4439=DIRECTION('center_axis',(-1.73516750835689E-18,-0.707106781186548,
0.707106781186548));
#4440=DIRECTION('ref_axis',(-1.,1.22694871165372E-18,-1.22694871165372E-18));
#4441=DIRECTION('',(0.577350269189626,-0.577350269189626,-0.577350269189626));
#4442=DIRECTION('',(-0.577350269189626,-0.577350269189626,-0.577350269189626));
#4443=DIRECTION('',(1.,0.,0.));
#4444=DIRECTION('center_axis',(-0.707106781186548,-1.73516750835689E-18,
-0.707106781186548));
#4445=DIRECTION('ref_axis',(-1.22694871165372E-18,1.,-1.22694871165372E-18));
#4446=DIRECTION('',(0.577350269189626,0.577350269189626,-0.577350269189626));
#4447=DIRECTION('',(0.,1.,0.));
#4448=DIRECTION('center_axis',(1.73516750835689E-18,-0.707106781186548,
-0.707106781186548));
#4449=DIRECTION('ref_axis',(-1.,-1.22694871165372E-18,-1.22694871165372E-18));
#4450=DIRECTION('',(1.,0.,0.));
#4451=DIRECTION('',(-0.577350269189626,0.577350269189626,-0.577350269189626));
#4452=DIRECTION('center_axis',(-0.707106781186548,1.73516750835689E-18,
0.707106781186548));
#4453=DIRECTION('ref_axis',(1.22694871165372E-18,1.,-1.22694871165372E-18));
#4454=DIRECTION('',(0.,1.,0.));
#4455=DIRECTION('center_axis',(-1.73516750835689E-18,-0.707106781186548,
0.707106781186548));
#4456=DIRECTION('ref_axis',(-1.,1.22694871165372E-18,-1.22694871165372E-18));
#4457=DIRECTION('',(0.577350269189626,-0.577350269189626,-0.577350269189626));
#4458=DIRECTION('',(-0.577350269189626,-0.577350269189626,-0.577350269189626));
#4459=DIRECTION('',(1.,0.,0.));
#4460=DIRECTION('center_axis',(-0.707106781186548,-1.73516750835689E-18,
-0.707106781186548));
#4461=DIRECTION('ref_axis',(-1.22694871165372E-18,1.,-1.22694871165372E-18));
#4462=DIRECTION('',(0.577350269189626,0.577350269189626,-0.577350269189626));
#4463=DIRECTION('',(0.,1.,0.));
#4464=DIRECTION('center_axis',(1.73516750835689E-18,-0.707106781186548,
-0.707106781186548));
#4465=DIRECTION('ref_axis',(-1.,-1.22694871165372E-18,-1.22694871165372E-18));
#4466=DIRECTION('',(1.,0.,0.));
#4467=DIRECTION('',(-0.577350269189626,0.577350269189626,-0.577350269189626));
#4468=DIRECTION('center_axis',(-0.707106781186548,1.73516750835689E-18,
0.707106781186548));
#4469=DIRECTION('ref_axis',(1.22694871165372E-18,1.,-1.22694871165372E-18));
#4470=DIRECTION('',(0.,1.,0.));
#4471=DIRECTION('center_axis',(-1.73516750835689E-18,0.707106781186548,
-0.707106781186548));
#4472=DIRECTION('ref_axis',(-1.,-1.22694871165372E-18,1.22694871165372E-18));
#4473=DIRECTION('',(0.577350269189626,0.577350269189626,0.577350269189626));
#4474=DIRECTION('',(-0.577350269189626,0.577350269189626,0.577350269189626));
#4475=DIRECTION('',(1.,0.,0.));
#4476=DIRECTION('center_axis',(0.707106781186548,-1.73516750835689E-18,
0.707106781186548));
#4477=DIRECTION('ref_axis',(1.22694871165372E-18,1.,1.22694871165372E-18));
#4478=DIRECTION('',(-0.577350269189626,-0.577350269189626,0.577350269189626));
#4479=DIRECTION('',(0.,1.,0.));
#4480=DIRECTION('center_axis',(1.73516750835689E-18,0.707106781186548,0.707106781186548));
#4481=DIRECTION('ref_axis',(-1.,1.22694871165372E-18,1.22694871165372E-18));
#4482=DIRECTION('',(0.577350269189626,-0.577350269189626,0.577350269189626));
#4483=DIRECTION('',(1.,0.,0.));
#4484=DIRECTION('center_axis',(0.707106781186548,1.73516750835689E-18,-0.707106781186548));
#4485=DIRECTION('ref_axis',(-1.22694871165372E-18,1.,1.22694871165372E-18));
#4486=DIRECTION('',(0.,1.,0.));
#4487=DIRECTION('center_axis',(0.707106781186548,-1.73516750835689E-18,
0.707106781186548));
#4488=DIRECTION('ref_axis',(1.22694871165372E-18,1.,1.22694871165372E-18));
#4489=DIRECTION('',(-0.577350269189626,0.577350269189626,0.577350269189626));
#4490=DIRECTION('',(-0.577350269189626,-0.577350269189626,0.577350269189626));
#4491=DIRECTION('',(0.,1.,0.));
#4492=DIRECTION('center_axis',(1.73516750835689E-18,0.707106781186548,0.707106781186548));
#4493=DIRECTION('ref_axis',(-1.,1.22694871165372E-18,1.22694871165372E-18));
#4494=DIRECTION('',(0.577350269189626,-0.577350269189626,0.577350269189626));
#4495=DIRECTION('',(1.,0.,0.));
#4496=DIRECTION('center_axis',(0.707106781186548,1.73516750835689E-18,-0.707106781186548));
#4497=DIRECTION('ref_axis',(-1.22694871165372E-18,1.,1.22694871165372E-18));
#4498=DIRECTION('',(0.577350269189626,0.577350269189626,0.577350269189626));
#4499=DIRECTION('',(0.,1.,0.));
#4500=DIRECTION('center_axis',(-1.73516750835689E-18,0.707106781186548,
-0.707106781186548));
#4501=DIRECTION('ref_axis',(-1.,-1.22694871165372E-18,1.22694871165372E-18));
#4502=DIRECTION('',(1.,0.,0.));
#4503=DIRECTION('center_axis',(1.73516750835689E-18,0.707106781186548,0.707106781186548));
#4504=DIRECTION('ref_axis',(-1.,1.22694871165372E-18,1.22694871165372E-18));
#4505=DIRECTION('',(0.577350269189626,-0.577350269189626,0.577350269189626));
#4506=DIRECTION('',(1.,0.,0.));
#4507=DIRECTION('',(-0.577350269189626,-0.577350269189626,0.577350269189626));
#4508=DIRECTION('center_axis',(0.707106781186548,1.73516750835689E-18,-0.707106781186548));
#4509=DIRECTION('ref_axis',(-1.22694871165372E-18,1.,1.22694871165372E-18));
#4510=DIRECTION('',(0.577350269189626,0.577350269189626,0.577350269189626));
#4511=DIRECTION('',(0.,1.,0.));
#4512=DIRECTION('center_axis',(-1.73516750835689E-18,0.707106781186548,
-0.707106781186548));
#4513=DIRECTION('ref_axis',(-1.,-1.22694871165372E-18,1.22694871165372E-18));
#4514=DIRECTION('',(-0.577350269189626,0.577350269189626,0.577350269189626));
#4515=DIRECTION('',(1.,0.,0.));
#4516=DIRECTION('center_axis',(0.707106781186548,-1.73516750835689E-18,
0.707106781186548));
#4517=DIRECTION('ref_axis',(1.22694871165372E-18,1.,1.22694871165372E-18));
#4518=DIRECTION('',(0.,1.,0.));
#4519=DIRECTION('center_axis',(-1.73516750835689E-18,0.707106781186548,
-0.707106781186548));
#4520=DIRECTION('ref_axis',(-1.,-1.22694871165372E-18,1.22694871165372E-18));
#4521=DIRECTION('',(0.577350269189626,0.577350269189626,0.577350269189626));
#4522=DIRECTION('',(-0.577350269189626,0.577350269189626,0.577350269189626));
#4523=DIRECTION('',(1.,0.,0.));
#4524=DIRECTION('center_axis',(0.707106781186548,-1.73516750835689E-18,
0.707106781186548));
#4525=DIRECTION('ref_axis',(1.22694871165372E-18,1.,1.22694871165372E-18));
#4526=DIRECTION('',(-0.577350269189626,-0.577350269189626,0.577350269189626));
#4527=DIRECTION('',(0.,1.,0.));
#4528=DIRECTION('center_axis',(1.73516750835689E-18,0.707106781186548,0.707106781186548));
#4529=DIRECTION('ref_axis',(-1.,1.22694871165372E-18,1.22694871165372E-18));
#4530=DIRECTION('',(0.577350269189626,-0.577350269189626,0.577350269189626));
#4531=DIRECTION('',(1.,0.,0.));
#4532=DIRECTION('center_axis',(0.707106781186548,1.73516750835689E-18,-0.707106781186548));
#4533=DIRECTION('ref_axis',(-1.22694871165372E-18,1.,1.22694871165372E-18));
#4534=DIRECTION('',(0.,1.,0.));
#4535=DIRECTION('center_axis',(-1.73516750835689E-18,0.707106781186548,
-0.707106781186548));
#4536=DIRECTION('ref_axis',(-1.,-1.22694871165372E-18,1.22694871165372E-18));
#4537=DIRECTION('',(0.577350269189626,0.577350269189626,0.577350269189626));
#4538=DIRECTION('',(-0.577350269189626,0.577350269189626,0.577350269189626));
#4539=DIRECTION('',(1.,0.,0.));
#4540=DIRECTION('center_axis',(0.707106781186548,-1.73516750835689E-18,
0.707106781186548));
#4541=DIRECTION('ref_axis',(1.22694871165372E-18,1.,1.22694871165372E-18));
#4542=DIRECTION('',(-0.577350269189626,-0.577350269189626,0.577350269189626));
#4543=DIRECTION('',(0.,1.,0.));
#4544=DIRECTION('center_axis',(1.73516750835689E-18,0.707106781186548,0.707106781186548));
#4545=DIRECTION('ref_axis',(-1.,1.22694871165372E-18,1.22694871165372E-18));
#4546=DIRECTION('',(0.577350269189626,-0.577350269189626,0.577350269189626));
#4547=DIRECTION('',(1.,0.,0.));
#4548=DIRECTION('center_axis',(0.707106781186548,1.73516750835689E-18,-0.707106781186548));
#4549=DIRECTION('ref_axis',(-1.22694871165372E-18,1.,1.22694871165372E-18));
#4550=DIRECTION('',(0.,1.,0.));
#4551=DIRECTION('center_axis',(-1.73516750835689E-18,0.707106781186548,
-0.707106781186548));
#4552=DIRECTION('ref_axis',(-1.,-1.22694871165372E-18,1.22694871165372E-18));
#4553=DIRECTION('',(0.577350269189626,0.577350269189626,0.577350269189626));
#4554=DIRECTION('',(-0.577350269189626,0.577350269189626,0.577350269189626));
#4555=DIRECTION('',(1.,0.,0.));
#4556=DIRECTION('center_axis',(0.707106781186548,-1.73516750835689E-18,
0.707106781186548));
#4557=DIRECTION('ref_axis',(1.22694871165372E-18,1.,1.22694871165372E-18));
#4558=DIRECTION('',(-0.577350269189626,-0.577350269189626,0.577350269189626));
#4559=DIRECTION('',(0.,1.,0.));
#4560=DIRECTION('center_axis',(1.73516750835689E-18,0.707106781186548,0.707106781186548));
#4561=DIRECTION('ref_axis',(-1.,1.22694871165372E-18,1.22694871165372E-18));
#4562=DIRECTION('',(0.577350269189626,-0.577350269189626,0.577350269189626));
#4563=DIRECTION('',(1.,0.,0.));
#4564=DIRECTION('center_axis',(0.707106781186548,1.73516750835689E-18,-0.707106781186548));
#4565=DIRECTION('ref_axis',(-1.22694871165372E-18,1.,1.22694871165372E-18));
#4566=DIRECTION('',(0.,1.,0.));
#4567=DIRECTION('center_axis',(1.73516750835689E-18,0.707106781186548,0.707106781186548));
#4568=DIRECTION('ref_axis',(-1.,1.22694871165372E-18,1.22694871165372E-18));
#4569=DIRECTION('',(0.577350269189626,-0.577350269189626,0.577350269189626));
#4570=DIRECTION('',(1.,0.,0.));
#4571=DIRECTION('',(-0.577350269189626,-0.577350269189626,0.577350269189626));
#4572=DIRECTION('center_axis',(0.707106781186548,1.73516750835689E-18,-0.707106781186548));
#4573=DIRECTION('ref_axis',(-1.22694871165372E-18,1.,1.22694871165372E-18));
#4574=DIRECTION('',(0.577350269189626,0.577350269189626,0.577350269189626));
#4575=DIRECTION('',(0.,1.,0.));
#4576=DIRECTION('center_axis',(-1.73516750835689E-18,0.707106781186548,
-0.707106781186548));
#4577=DIRECTION('ref_axis',(-1.,-1.22694871165372E-18,1.22694871165372E-18));
#4578=DIRECTION('',(-0.577350269189626,0.577350269189626,0.577350269189626));
#4579=DIRECTION('',(1.,0.,0.));
#4580=DIRECTION('center_axis',(0.707106781186548,-1.73516750835689E-18,
0.707106781186548));
#4581=DIRECTION('ref_axis',(1.22694871165372E-18,1.,1.22694871165372E-18));
#4582=DIRECTION('',(0.,1.,0.));
#4583=DIRECTION('center_axis',(1.73516750835689E-18,0.707106781186548,0.707106781186548));
#4584=DIRECTION('ref_axis',(-1.,1.22694871165372E-18,1.22694871165372E-18));
#4585=DIRECTION('',(0.577350269189626,-0.577350269189626,0.577350269189626));
#4586=DIRECTION('',(1.,0.,0.));
#4587=DIRECTION('',(-0.577350269189626,-0.577350269189626,0.577350269189626));
#4588=DIRECTION('center_axis',(0.707106781186548,1.73516750835689E-18,-0.707106781186548));
#4589=DIRECTION('ref_axis',(-1.22694871165372E-18,1.,1.22694871165372E-18));
#4590=DIRECTION('',(0.577350269189626,0.577350269189626,0.577350269189626));
#4591=DIRECTION('',(0.,1.,0.));
#4592=DIRECTION('center_axis',(-1.73516750835689E-18,0.707106781186548,
-0.707106781186548));
#4593=DIRECTION('ref_axis',(-1.,-1.22694871165372E-18,1.22694871165372E-18));
#4594=DIRECTION('',(-0.577350269189626,0.577350269189626,0.577350269189626));
#4595=DIRECTION('',(1.,0.,0.));
#4596=DIRECTION('center_axis',(0.707106781186548,-1.73516750835689E-18,
0.707106781186548));
#4597=DIRECTION('ref_axis',(1.22694871165372E-18,1.,1.22694871165372E-18));
#4598=DIRECTION('',(0.,1.,0.));
#4599=DIRECTION('center_axis',(1.73516750835689E-18,0.707106781186548,0.707106781186548));
#4600=DIRECTION('ref_axis',(-1.,1.22694871165372E-18,1.22694871165372E-18));
#4601=DIRECTION('',(0.577350269189626,-0.577350269189626,0.577350269189626));
#4602=DIRECTION('',(1.,0.,0.));
#4603=DIRECTION('',(-0.577350269189626,-0.577350269189626,0.577350269189626));
#4604=DIRECTION('center_axis',(0.707106781186548,1.73516750835689E-18,-0.707106781186548));
#4605=DIRECTION('ref_axis',(-1.22694871165372E-18,1.,1.22694871165372E-18));
#4606=DIRECTION('',(0.577350269189626,0.577350269189626,0.577350269189626));
#4607=DIRECTION('',(0.,1.,0.));
#4608=DIRECTION('center_axis',(-1.73516750835689E-18,0.707106781186548,
-0.707106781186548));
#4609=DIRECTION('ref_axis',(-1.,-1.22694871165372E-18,1.22694871165372E-18));
#4610=DIRECTION('',(-0.577350269189626,0.577350269189626,0.577350269189626));
#4611=DIRECTION('',(1.,0.,0.));
#4612=DIRECTION('center_axis',(0.707106781186548,-1.73516750835689E-18,
0.707106781186548));
#4613=DIRECTION('ref_axis',(1.22694871165372E-18,1.,1.22694871165372E-18));
#4614=DIRECTION('',(0.,1.,0.));
#4615=DIRECTION('center_axis',(0.,0.,1.));
#4616=DIRECTION('ref_axis',(1.,0.,0.));
#4617=DIRECTION('center_axis',(0.,0.,1.));
#4618=DIRECTION('ref_axis',(1.,0.,0.));
#4619=DIRECTION('center_axis',(0.,0.,1.));
#4620=DIRECTION('ref_axis',(1.,0.,0.));
#4621=DIRECTION('center_axis',(0.,0.,1.));
#4622=DIRECTION('ref_axis',(1.,0.,0.));
#4623=DIRECTION('center_axis',(0.,0.,1.));
#4624=DIRECTION('ref_axis',(1.,0.,0.));
#4625=DIRECTION('center_axis',(0.,0.,1.));
#4626=DIRECTION('ref_axis',(1.,0.,0.));
#4627=DIRECTION('center_axis',(0.,0.,1.));
#4628=DIRECTION('ref_axis',(1.,0.,0.));
#4629=DIRECTION('center_axis',(0.,0.,1.));
#4630=DIRECTION('ref_axis',(1.,0.,0.));
#4631=DIRECTION('center_axis',(0.,0.,1.));
#4632=DIRECTION('ref_axis',(1.,0.,0.));
#4633=DIRECTION('center_axis',(0.,0.,1.));
#4634=DIRECTION('ref_axis',(1.,0.,0.));
#4635=DIRECTION('center_axis',(0.,0.,1.));
#4636=DIRECTION('ref_axis',(1.,0.,0.));
#4637=DIRECTION('center_axis',(0.,0.,1.));
#4638=DIRECTION('ref_axis',(1.,0.,0.));
#4639=DIRECTION('center_axis',(0.,0.,1.));
#4640=DIRECTION('ref_axis',(1.,0.,0.));
#4641=DIRECTION('center_axis',(0.,0.,1.));
#4642=DIRECTION('ref_axis',(1.,0.,0.));
#4643=DIRECTION('center_axis',(0.,0.,1.));
#4644=DIRECTION('ref_axis',(1.,0.,0.));
#4645=DIRECTION('center_axis',(0.,0.,1.));
#4646=DIRECTION('ref_axis',(1.,0.,0.));
#4647=DIRECTION('center_axis',(0.,0.,1.));
#4648=DIRECTION('ref_axis',(1.,0.,0.));
#4649=DIRECTION('center_axis',(0.,0.,1.));
#4650=DIRECTION('ref_axis',(1.,0.,0.));
#4651=CARTESIAN_POINT('',(0.,0.,0.));
#4652=CARTESIAN_POINT('Origin',(-1.016,1.27,0.));
#4653=CARTESIAN_POINT('',(-1.016,1.27,0.));
#4654=CARTESIAN_POINT('',(-1.016,1.27,2.54));
#4655=CARTESIAN_POINT('',(-1.016,1.27,0.));
#4656=CARTESIAN_POINT('',(-1.27,1.016,0.));
#4657=CARTESIAN_POINT('',(-1.016,1.27,0.));
#4658=CARTESIAN_POINT('',(-1.27,1.016,2.54));
#4659=CARTESIAN_POINT('',(-1.27,1.016,0.));
#4660=CARTESIAN_POINT('',(-1.016,1.27,2.54));
#4661=CARTESIAN_POINT('Origin',(3.556,1.27,0.));
#4662=CARTESIAN_POINT('',(3.556,1.27,0.));
#4663=CARTESIAN_POINT('',(3.556,1.27,2.54));
#4664=CARTESIAN_POINT('',(3.556,1.27,0.));
#4665=CARTESIAN_POINT('',(3.556,1.27,0.));
#4666=CARTESIAN_POINT('',(3.556,1.27,2.54));
#4667=CARTESIAN_POINT('Origin',(-1.27,1.016,0.));
#4668=CARTESIAN_POINT('',(-1.27,-1.016,0.));
#4669=CARTESIAN_POINT('',(-1.27,1.016,0.));
#4670=CARTESIAN_POINT('',(-1.27,-1.016,2.54));
#4671=CARTESIAN_POINT('',(-1.27,-1.016,0.));
#4672=CARTESIAN_POINT('',(-1.27,1.016,2.54));
#4673=CARTESIAN_POINT('Origin',(1.27,-5.08,0.));
#4674=CARTESIAN_POINT('',(3.81,-1.016,0.));
#4675=CARTESIAN_POINT('',(3.81,1.016,0.));
#4676=CARTESIAN_POINT('',(3.81,-1.016,0.));
#4677=CARTESIAN_POINT('',(3.556,-1.27,0.));
#4678=CARTESIAN_POINT('',(3.556,-1.27,0.));
#4679=CARTESIAN_POINT('',(3.81,-1.524,0.));
#4680=CARTESIAN_POINT('',(3.81,-1.524,0.));
#4681=CARTESIAN_POINT('',(3.81,-3.556,0.));
#4682=CARTESIAN_POINT('',(3.81,-3.556,0.));
#4683=CARTESIAN_POINT('',(3.556,-3.81,0.));
#4684=CARTESIAN_POINT('',(3.556,-3.81,0.));
#4685=CARTESIAN_POINT('',(3.81,-4.064,0.));
#4686=CARTESIAN_POINT('',(3.81,-4.064,0.));
#4687=CARTESIAN_POINT('',(3.81,-6.096,0.));
#4688=CARTESIAN_POINT('',(3.81,-6.096,0.));
#4689=CARTESIAN_POINT('',(3.556,-6.35,0.));
#4690=CARTESIAN_POINT('',(3.556,-6.35,0.));
#4691=CARTESIAN_POINT('',(3.81,-6.604,0.));
#4692=CARTESIAN_POINT('',(3.81,-6.604,0.));
#4693=CARTESIAN_POINT('',(3.81,-8.636,0.));
#4694=CARTESIAN_POINT('',(3.81,-8.636,0.));
#4695=CARTESIAN_POINT('',(3.556,-8.89,0.));
#4696=CARTESIAN_POINT('',(3.556,-8.89,0.));
#4697=CARTESIAN_POINT('',(3.81,-9.144,0.));
#4698=CARTESIAN_POINT('',(3.81,-9.144,0.));
#4699=CARTESIAN_POINT('',(3.81,-11.176,0.));
#4700=CARTESIAN_POINT('',(3.81,-11.176,0.));
#4701=CARTESIAN_POINT('',(3.556,-11.43,0.));
#4702=CARTESIAN_POINT('',(3.556,-11.43,0.));
#4703=CARTESIAN_POINT('',(-1.016,-11.43,0.));
#4704=CARTESIAN_POINT('',(-1.016,-11.43,0.));
#4705=CARTESIAN_POINT('',(-1.27,-11.176,0.));
#4706=CARTESIAN_POINT('',(-1.27,-11.176,0.));
#4707=CARTESIAN_POINT('',(-1.27,-9.144,0.));
#4708=CARTESIAN_POINT('',(-1.27,-9.144,0.));
#4709=CARTESIAN_POINT('',(-1.016,-8.89,0.));
#4710=CARTESIAN_POINT('',(-1.016,-8.89,0.));
#4711=CARTESIAN_POINT('',(-1.27,-8.636,0.));
#4712=CARTESIAN_POINT('',(-1.27,-8.636,0.));
#4713=CARTESIAN_POINT('',(-1.27,-6.604,0.));
#4714=CARTESIAN_POINT('',(-1.27,-6.604,0.));
#4715=CARTESIAN_POINT('',(-1.016,-6.35,0.));
#4716=CARTESIAN_POINT('',(-1.016,-6.35,0.));
#4717=CARTESIAN_POINT('',(-1.27,-6.096,0.));
#4718=CARTESIAN_POINT('',(-1.27,-6.096,0.));
#4719=CARTESIAN_POINT('',(-1.27,-4.064,0.));
#4720=CARTESIAN_POINT('',(-1.27,-4.064,0.));
#4721=CARTESIAN_POINT('',(-1.016,-3.81,0.));
#4722=CARTESIAN_POINT('',(-1.016,-3.81,0.));
#4723=CARTESIAN_POINT('',(-1.27,-3.556,0.));
#4724=CARTESIAN_POINT('',(-1.27,-3.556,0.));
#4725=CARTESIAN_POINT('',(-1.27,-1.524,0.));
#4726=CARTESIAN_POINT('',(-1.27,-1.524,0.));
#4727=CARTESIAN_POINT('',(-1.016,-1.27,0.));
#4728=CARTESIAN_POINT('',(-1.016,-1.27,0.));
#4729=CARTESIAN_POINT('',(-1.27,-1.016,0.));
#4730=CARTESIAN_POINT('',(3.81,1.016,0.));
#4731=CARTESIAN_POINT('',(0.32,-0.32,0.));
#4732=CARTESIAN_POINT('',(-0.32,-0.32,0.));
#4733=CARTESIAN_POINT('',(0.475,-0.32,0.));
#4734=CARTESIAN_POINT('',(0.32,0.32,0.));
#4735=CARTESIAN_POINT('',(0.32,-2.7,0.));
#4736=CARTESIAN_POINT('',(-0.32,0.32,0.));
#4737=CARTESIAN_POINT('',(0.475,0.32,0.));
#4738=CARTESIAN_POINT('',(-0.32,-2.7,0.));
#4739=CARTESIAN_POINT('',(2.86,-2.86,0.));
#4740=CARTESIAN_POINT('',(2.86,-2.22,0.));
#4741=CARTESIAN_POINT('',(2.86,-3.97,0.));
#4742=CARTESIAN_POINT('',(2.22,-2.22,0.));
#4743=CARTESIAN_POINT('',(1.745,-2.22,0.));
#4744=CARTESIAN_POINT('',(2.22,-2.86,0.));
#4745=CARTESIAN_POINT('',(2.22,-3.97,0.));
#4746=CARTESIAN_POINT('',(1.745,-2.86,0.));
#4747=CARTESIAN_POINT('',(0.32,-2.22,0.));
#4748=CARTESIAN_POINT('',(-0.32,-2.22,0.));
#4749=CARTESIAN_POINT('',(0.475,-2.22,0.));
#4750=CARTESIAN_POINT('',(-0.32,-2.86,0.));
#4751=CARTESIAN_POINT('',(-0.32,-3.97,0.));
#4752=CARTESIAN_POINT('',(0.32,-2.86,0.));
#4753=CARTESIAN_POINT('',(0.475,-2.86,0.));
#4754=CARTESIAN_POINT('',(0.32,-3.97,0.));
#4755=CARTESIAN_POINT('',(0.32,-10.48,0.));
#4756=CARTESIAN_POINT('',(-0.32,-10.48,0.));
#4757=CARTESIAN_POINT('',(0.475,-10.48,0.));
#4758=CARTESIAN_POINT('',(0.32,-9.84,0.));
#4759=CARTESIAN_POINT('',(0.32,-7.78,0.));
#4760=CARTESIAN_POINT('',(-0.32,-9.84,0.));
#4761=CARTESIAN_POINT('',(0.475,-9.84,0.));
#4762=CARTESIAN_POINT('',(-0.32,-7.78,0.));
#4763=CARTESIAN_POINT('',(0.32,-7.94,0.));
#4764=CARTESIAN_POINT('',(-0.32,-7.94,0.));
#4765=CARTESIAN_POINT('',(0.475,-7.94,0.));
#4766=CARTESIAN_POINT('',(0.32,-7.3,0.));
#4767=CARTESIAN_POINT('',(0.32,-6.51,0.));
#4768=CARTESIAN_POINT('',(-0.32,-7.3,0.));
#4769=CARTESIAN_POINT('',(0.475,-7.3,0.));
#4770=CARTESIAN_POINT('',(-0.32,-6.51,0.));
#4771=CARTESIAN_POINT('',(0.32,-5.4,0.));
#4772=CARTESIAN_POINT('',(-0.32,-5.4,0.));
#4773=CARTESIAN_POINT('',(0.475,-5.4,0.));
#4774=CARTESIAN_POINT('',(0.32,-4.76,0.));
#4775=CARTESIAN_POINT('',(0.32,-5.24,0.));
#4776=CARTESIAN_POINT('',(-0.32,-4.76,0.));
#4777=CARTESIAN_POINT('',(0.475,-4.76,0.));
#4778=CARTESIAN_POINT('',(-0.32,-5.24,0.));
#4779=CARTESIAN_POINT('',(2.86,-9.84,0.));
#4780=CARTESIAN_POINT('',(2.22,-9.84,0.));
#4781=CARTESIAN_POINT('',(1.745,-9.84,0.));
#4782=CARTESIAN_POINT('',(2.22,-10.48,0.));
#4783=CARTESIAN_POINT('',(2.22,-7.78,0.));
#4784=CARTESIAN_POINT('',(2.86,-10.48,0.));
#4785=CARTESIAN_POINT('',(1.745,-10.48,0.));
#4786=CARTESIAN_POINT('',(2.86,-7.78,0.));
#4787=CARTESIAN_POINT('',(2.86,-7.3,0.));
#4788=CARTESIAN_POINT('',(2.22,-7.3,0.));
#4789=CARTESIAN_POINT('',(1.745,-7.3,0.));
#4790=CARTESIAN_POINT('',(2.22,-7.94,0.));
#4791=CARTESIAN_POINT('',(2.22,-6.51,0.));
#4792=CARTESIAN_POINT('',(2.86,-7.94,0.));
#4793=CARTESIAN_POINT('',(1.745,-7.94,0.));
#4794=CARTESIAN_POINT('',(2.86,-6.51,0.));
#4795=CARTESIAN_POINT('',(2.86,-4.76,0.));
#4796=CARTESIAN_POINT('',(2.22,-4.76,0.));
#4797=CARTESIAN_POINT('',(1.745,-4.76,0.));
#4798=CARTESIAN_POINT('',(2.22,-5.4,0.));
#4799=CARTESIAN_POINT('',(2.22,-5.24,0.));
#4800=CARTESIAN_POINT('',(2.86,-5.4,0.));
#4801=CARTESIAN_POINT('',(1.745,-5.4,0.));
#4802=CARTESIAN_POINT('',(2.86,-5.24,0.));
#4803=CARTESIAN_POINT('Origin',(1.27,-5.08,2.54));
#4804=CARTESIAN_POINT('',(3.81,-1.016,2.54));
#4805=CARTESIAN_POINT('',(3.81,1.016,2.54));
#4806=CARTESIAN_POINT('',(3.81,-1.016,2.54));
#4807=CARTESIAN_POINT('',(3.81,1.016,2.54));
#4808=CARTESIAN_POINT('',(-1.016,-1.27,2.54));
#4809=CARTESIAN_POINT('',(-1.27,-1.016,2.54));
#4810=CARTESIAN_POINT('',(-1.27,-1.524,2.54));
#4811=CARTESIAN_POINT('',(-1.016,-1.27,2.54));
#4812=CARTESIAN_POINT('',(-1.27,-3.556,2.54));
#4813=CARTESIAN_POINT('',(-1.27,-1.524,2.54));
#4814=CARTESIAN_POINT('',(-1.016,-3.81,2.54));
#4815=CARTESIAN_POINT('',(-1.27,-3.556,2.54));
#4816=CARTESIAN_POINT('',(-1.27,-4.064,2.54));
#4817=CARTESIAN_POINT('',(-1.016,-3.81,2.54));
#4818=CARTESIAN_POINT('',(-1.27,-6.096,2.54));
#4819=CARTESIAN_POINT('',(-1.27,-4.064,2.54));
#4820=CARTESIAN_POINT('',(-1.016,-6.35,2.54));
#4821=CARTESIAN_POINT('',(-1.27,-6.096,2.54));
#4822=CARTESIAN_POINT('',(-1.27,-6.604,2.54));
#4823=CARTESIAN_POINT('',(-1.016,-6.35,2.54));
#4824=CARTESIAN_POINT('',(-1.27,-8.636,2.54));
#4825=CARTESIAN_POINT('',(-1.27,-6.604,2.54));
#4826=CARTESIAN_POINT('',(-1.016,-8.89,2.54));
#4827=CARTESIAN_POINT('',(-1.27,-8.636,2.54));
#4828=CARTESIAN_POINT('',(-1.27,-9.144,2.54));
#4829=CARTESIAN_POINT('',(-1.016,-8.89,2.54));
#4830=CARTESIAN_POINT('',(-1.27,-11.176,2.54));
#4831=CARTESIAN_POINT('',(-1.27,-9.144,2.54));
#4832=CARTESIAN_POINT('',(-1.016,-11.43,2.54));
#4833=CARTESIAN_POINT('',(-1.27,-11.176,2.54));
#4834=CARTESIAN_POINT('',(3.556,-11.43,2.54));
#4835=CARTESIAN_POINT('',(-1.016,-11.43,2.54));
#4836=CARTESIAN_POINT('',(3.81,-11.176,2.54));
#4837=CARTESIAN_POINT('',(3.556,-11.43,2.54));
#4838=CARTESIAN_POINT('',(3.81,-9.144,2.54));
#4839=CARTESIAN_POINT('',(3.81,-11.176,2.54));
#4840=CARTESIAN_POINT('',(3.556,-8.89,2.54));
#4841=CARTESIAN_POINT('',(3.81,-9.144,2.54));
#4842=CARTESIAN_POINT('',(3.81,-8.636,2.54));
#4843=CARTESIAN_POINT('',(3.556,-8.89,2.54));
#4844=CARTESIAN_POINT('',(3.81,-6.604,2.54));
#4845=CARTESIAN_POINT('',(3.81,-8.636,2.54));
#4846=CARTESIAN_POINT('',(3.556,-6.35,2.54));
#4847=CARTESIAN_POINT('',(3.81,-6.604,2.54));
#4848=CARTESIAN_POINT('',(3.81,-6.096,2.54));
#4849=CARTESIAN_POINT('',(3.556,-6.35,2.54));
#4850=CARTESIAN_POINT('',(3.81,-4.064,2.54));
#4851=CARTESIAN_POINT('',(3.81,-6.096,2.54));
#4852=CARTESIAN_POINT('',(3.556,-3.81,2.54));
#4853=CARTESIAN_POINT('',(3.81,-4.064,2.54));
#4854=CARTESIAN_POINT('',(3.81,-3.556,2.54));
#4855=CARTESIAN_POINT('',(3.556,-3.81,2.54));
#4856=CARTESIAN_POINT('',(3.81,-1.524,2.54));
#4857=CARTESIAN_POINT('',(3.81,-3.556,2.54));
#4858=CARTESIAN_POINT('',(3.556,-1.27,2.54));
#4859=CARTESIAN_POINT('',(3.81,-1.524,2.54));
#4860=CARTESIAN_POINT('',(3.556,-1.27,2.54));
#4861=CARTESIAN_POINT('',(0.32,-0.32,2.54));
#4862=CARTESIAN_POINT('',(-0.32,-0.32,2.54));
#4863=CARTESIAN_POINT('',(0.475,-0.32,2.54));
#4864=CARTESIAN_POINT('',(-0.32,0.32,2.54));
#4865=CARTESIAN_POINT('',(-0.32,-2.7,2.54));
#4866=CARTESIAN_POINT('',(0.32,0.32,2.54));
#4867=CARTESIAN_POINT('',(0.475,0.32,2.54));
#4868=CARTESIAN_POINT('',(0.32,-2.7,2.54));
#4869=CARTESIAN_POINT('',(2.86,-2.86,2.54));
#4870=CARTESIAN_POINT('',(2.86,-2.22,2.54));
#4871=CARTESIAN_POINT('',(2.86,-3.97,2.54));
#4872=CARTESIAN_POINT('',(2.22,-2.86,2.54));
#4873=CARTESIAN_POINT('',(1.745,-2.86,2.54));
#4874=CARTESIAN_POINT('',(2.22,-2.22,2.54));
#4875=CARTESIAN_POINT('',(2.22,-3.97,2.54));
#4876=CARTESIAN_POINT('',(1.745,-2.22,2.54));
#4877=CARTESIAN_POINT('',(0.32,-2.22,2.54));
#4878=CARTESIAN_POINT('',(-0.32,-2.22,2.54));
#4879=CARTESIAN_POINT('',(0.475,-2.22,2.54));
#4880=CARTESIAN_POINT('',(0.32,-2.86,2.54));
#4881=CARTESIAN_POINT('',(0.32,-3.97,2.54));
#4882=CARTESIAN_POINT('',(-0.32,-2.86,2.54));
#4883=CARTESIAN_POINT('',(0.475,-2.86,2.54));
#4884=CARTESIAN_POINT('',(-0.32,-3.97,2.54));
#4885=CARTESIAN_POINT('',(0.32,-10.48,2.54));
#4886=CARTESIAN_POINT('',(-0.32,-10.48,2.54));
#4887=CARTESIAN_POINT('',(0.475,-10.48,2.54));
#4888=CARTESIAN_POINT('',(-0.32,-9.84,2.54));
#4889=CARTESIAN_POINT('',(-0.32,-7.78,2.54));
#4890=CARTESIAN_POINT('',(0.32,-9.84,2.54));
#4891=CARTESIAN_POINT('',(0.475,-9.84,2.54));
#4892=CARTESIAN_POINT('',(0.32,-7.78,2.54));
#4893=CARTESIAN_POINT('',(0.32,-7.94,2.54));
#4894=CARTESIAN_POINT('',(-0.32,-7.94,2.54));
#4895=CARTESIAN_POINT('',(0.475,-7.94,2.54));
#4896=CARTESIAN_POINT('',(-0.32,-7.3,2.54));
#4897=CARTESIAN_POINT('',(-0.32,-6.51,2.54));
#4898=CARTESIAN_POINT('',(0.32,-7.3,2.54));
#4899=CARTESIAN_POINT('',(0.475,-7.3,2.54));
#4900=CARTESIAN_POINT('',(0.32,-6.51,2.54));
#4901=CARTESIAN_POINT('',(0.32,-5.4,2.54));
#4902=CARTESIAN_POINT('',(-0.32,-5.4,2.54));
#4903=CARTESIAN_POINT('',(0.475,-5.4,2.54));
#4904=CARTESIAN_POINT('',(-0.32,-4.76,2.54));
#4905=CARTESIAN_POINT('',(-0.32,-5.24,2.54));
#4906=CARTESIAN_POINT('',(0.32,-4.76,2.54));
#4907=CARTESIAN_POINT('',(0.475,-4.76,2.54));
#4908=CARTESIAN_POINT('',(0.32,-5.24,2.54));
#4909=CARTESIAN_POINT('',(2.86,-9.84,2.54));
#4910=CARTESIAN_POINT('',(2.22,-9.84,2.54));
#4911=CARTESIAN_POINT('',(1.745,-9.84,2.54));
#4912=CARTESIAN_POINT('',(2.86,-10.48,2.54));
#4913=CARTESIAN_POINT('',(2.86,-7.78,2.54));
#4914=CARTESIAN_POINT('',(2.22,-10.48,2.54));
#4915=CARTESIAN_POINT('',(1.745,-10.48,2.54));
#4916=CARTESIAN_POINT('',(2.22,-7.78,2.54));
#4917=CARTESIAN_POINT('',(2.86,-7.3,2.54));
#4918=CARTESIAN_POINT('',(2.22,-7.3,2.54));
#4919=CARTESIAN_POINT('',(1.745,-7.3,2.54));
#4920=CARTESIAN_POINT('',(2.86,-7.94,2.54));
#4921=CARTESIAN_POINT('',(2.86,-6.51,2.54));
#4922=CARTESIAN_POINT('',(2.22,-7.94,2.54));
#4923=CARTESIAN_POINT('',(1.745,-7.94,2.54));
#4924=CARTESIAN_POINT('',(2.22,-6.51,2.54));
#4925=CARTESIAN_POINT('',(2.86,-4.76,2.54));
#4926=CARTESIAN_POINT('',(2.22,-4.76,2.54));
#4927=CARTESIAN_POINT('',(1.745,-4.76,2.54));
#4928=CARTESIAN_POINT('',(2.86,-5.4,2.54));
#4929=CARTESIAN_POINT('',(2.86,-5.24,2.54));
#4930=CARTESIAN_POINT('',(2.22,-5.4,2.54));
#4931=CARTESIAN_POINT('',(1.745,-5.4,2.54));
#4932=CARTESIAN_POINT('',(2.22,-5.24,2.54));
#4933=CARTESIAN_POINT('Origin',(3.81,1.016,0.));
#4934=CARTESIAN_POINT('',(3.81,1.016,0.));
#4935=CARTESIAN_POINT('Origin',(-1.27,-1.016,0.));
#4936=CARTESIAN_POINT('',(-1.016,-1.27,0.));
#4937=CARTESIAN_POINT('Origin',(3.81,-1.016,0.));
#4938=CARTESIAN_POINT('',(3.81,-1.016,0.));
#4939=CARTESIAN_POINT('Origin',(-1.016,-1.27,0.));
#4940=CARTESIAN_POINT('',(-1.27,-1.524,0.));
#4941=CARTESIAN_POINT('Origin',(3.556,-1.27,0.));
#4942=CARTESIAN_POINT('',(3.556,-1.27,0.));
#4943=CARTESIAN_POINT('Origin',(-1.27,-1.524,0.));
#4944=CARTESIAN_POINT('',(-1.27,-3.556,0.));
#4945=CARTESIAN_POINT('Origin',(3.81,-1.524,0.));
#4946=CARTESIAN_POINT('',(3.81,-1.524,0.));
#4947=CARTESIAN_POINT('Origin',(-1.27,-3.556,0.));
#4948=CARTESIAN_POINT('',(-1.016,-3.81,0.));
#4949=CARTESIAN_POINT('Origin',(3.81,-3.556,0.));
#4950=CARTESIAN_POINT('',(3.81,-3.556,0.));
#4951=CARTESIAN_POINT('Origin',(-1.016,-3.81,0.));
#4952=CARTESIAN_POINT('',(-1.27,-4.064,0.));
#4953=CARTESIAN_POINT('Origin',(3.556,-3.81,0.));
#4954=CARTESIAN_POINT('',(3.556,-3.81,0.));
#4955=CARTESIAN_POINT('Origin',(-1.27,-4.064,0.));
#4956=CARTESIAN_POINT('',(-1.27,-6.096,0.));
#4957=CARTESIAN_POINT('Origin',(3.81,-4.064,0.));
#4958=CARTESIAN_POINT('',(3.81,-4.064,0.));
#4959=CARTESIAN_POINT('Origin',(-1.27,-6.096,0.));
#4960=CARTESIAN_POINT('',(-1.016,-6.35,0.));
#4961=CARTESIAN_POINT('Origin',(3.81,-6.096,0.));
#4962=CARTESIAN_POINT('',(3.81,-6.096,0.));
#4963=CARTESIAN_POINT('Origin',(-1.016,-6.35,0.));
#4964=CARTESIAN_POINT('',(-1.27,-6.604,0.));
#4965=CARTESIAN_POINT('Origin',(3.556,-6.35,0.));
#4966=CARTESIAN_POINT('',(3.556,-6.35,0.));
#4967=CARTESIAN_POINT('Origin',(-1.27,-6.604,0.));
#4968=CARTESIAN_POINT('',(-1.27,-8.636,0.));
#4969=CARTESIAN_POINT('Origin',(3.81,-6.604,0.));
#4970=CARTESIAN_POINT('',(3.81,-6.604,0.));
#4971=CARTESIAN_POINT('Origin',(-1.27,-8.636,0.));
#4972=CARTESIAN_POINT('',(-1.016,-8.89,0.));
#4973=CARTESIAN_POINT('Origin',(3.81,-8.636,0.));
#4974=CARTESIAN_POINT('',(3.81,-8.636,0.));
#4975=CARTESIAN_POINT('Origin',(-1.016,-8.89,0.));
#4976=CARTESIAN_POINT('',(-1.27,-9.144,0.));
#4977=CARTESIAN_POINT('Origin',(3.556,-8.89,0.));
#4978=CARTESIAN_POINT('',(3.556,-8.89,0.));
#4979=CARTESIAN_POINT('Origin',(-1.27,-9.144,0.));
#4980=CARTESIAN_POINT('',(-1.27,-11.176,0.));
#4981=CARTESIAN_POINT('Origin',(3.81,-9.144,0.));
#4982=CARTESIAN_POINT('',(3.81,-9.144,0.));
#4983=CARTESIAN_POINT('Origin',(-1.27,-11.176,0.));
#4984=CARTESIAN_POINT('',(-1.016,-11.43,0.));
#4985=CARTESIAN_POINT('Origin',(3.81,-11.176,0.));
#4986=CARTESIAN_POINT('',(3.81,-11.176,0.));
#4987=CARTESIAN_POINT('Origin',(-1.016,-11.43,0.));
#4988=CARTESIAN_POINT('',(3.556,-11.43,0.));
#4989=CARTESIAN_POINT('Origin',(3.556,-11.43,0.));
#4990=CARTESIAN_POINT('Origin',(-0.32,-0.32,-3.));
#4991=CARTESIAN_POINT('',(0.32,-0.32,-2.84));
#4992=CARTESIAN_POINT('',(0.32,-0.32,-3.));
#4993=CARTESIAN_POINT('',(-0.32,-0.32,-2.84));
#4994=CARTESIAN_POINT('',(-0.32,-0.32,-3.));
#4995=CARTESIAN_POINT('',(-0.32,-0.32,-2.84));
#4996=CARTESIAN_POINT('Origin',(0.32,-0.32,-3.));
#4997=CARTESIAN_POINT('',(0.32,0.32,-2.84));
#4998=CARTESIAN_POINT('',(0.32,-0.32,-2.84));
#4999=CARTESIAN_POINT('',(0.32,0.32,-3.));
#5000=CARTESIAN_POINT('Origin',(-0.32,0.32,-3.));
#5001=CARTESIAN_POINT('',(-0.32,0.32,-2.84));
#5002=CARTESIAN_POINT('',(-0.32,0.32,-2.84));
#5003=CARTESIAN_POINT('',(-0.32,0.32,-3.));
#5004=CARTESIAN_POINT('Origin',(-0.32,-0.32,-3.));
#5005=CARTESIAN_POINT('',(-0.32,-0.32,-2.84));
#5006=CARTESIAN_POINT('Origin',(2.86,-2.86,-3.));
#5007=CARTESIAN_POINT('',(2.86,-2.86,-2.84));
#5008=CARTESIAN_POINT('',(2.86,-2.86,-3.));
#5009=CARTESIAN_POINT('',(2.86,-2.22,-2.84));
#5010=CARTESIAN_POINT('',(2.86,-2.86,-2.84));
#5011=CARTESIAN_POINT('',(2.86,-2.22,-3.));
#5012=CARTESIAN_POINT('Origin',(2.22,-2.22,-3.));
#5013=CARTESIAN_POINT('',(2.22,-2.22,-2.84));
#5014=CARTESIAN_POINT('',(2.22,-2.22,-2.84));
#5015=CARTESIAN_POINT('',(2.22,-2.22,-3.));
#5016=CARTESIAN_POINT('Origin',(2.22,-2.86,-3.));
#5017=CARTESIAN_POINT('',(2.22,-2.86,-2.84));
#5018=CARTESIAN_POINT('',(2.22,-2.86,-3.));
#5019=CARTESIAN_POINT('',(2.22,-2.86,-2.84));
#5020=CARTESIAN_POINT('Origin',(2.22,-2.86,-3.));
#5021=CARTESIAN_POINT('',(2.22,-2.86,-2.84));
#5022=CARTESIAN_POINT('Origin',(-0.32,-2.22,-3.));
#5023=CARTESIAN_POINT('',(0.32,-2.22,-2.84));
#5024=CARTESIAN_POINT('',(0.32,-2.22,-3.));
#5025=CARTESIAN_POINT('',(-0.32,-2.22,-2.84));
#5026=CARTESIAN_POINT('',(-0.32,-2.22,-2.84));
#5027=CARTESIAN_POINT('',(-0.32,-2.22,-3.));
#5028=CARTESIAN_POINT('Origin',(-0.32,-2.86,-3.));
#5029=CARTESIAN_POINT('',(-0.32,-2.86,-2.84));
#5030=CARTESIAN_POINT('',(-0.32,-2.86,-3.));
#5031=CARTESIAN_POINT('',(-0.32,-2.86,-2.84));
#5032=CARTESIAN_POINT('Origin',(-0.32,-2.86,-3.));
#5033=CARTESIAN_POINT('',(0.32,-2.86,-2.84));
#5034=CARTESIAN_POINT('',(0.32,-2.86,-3.));
#5035=CARTESIAN_POINT('',(-0.32,-2.86,-2.84));
#5036=CARTESIAN_POINT('Origin',(0.32,-2.86,-3.));
#5037=CARTESIAN_POINT('',(0.32,-2.86,-2.84));
#5038=CARTESIAN_POINT('Origin',(-0.32,-10.48,-3.));
#5039=CARTESIAN_POINT('',(0.32,-10.48,-2.84));
#5040=CARTESIAN_POINT('',(0.32,-10.48,-3.));
#5041=CARTESIAN_POINT('',(-0.32,-10.48,-2.84));
#5042=CARTESIAN_POINT('',(-0.32,-10.48,-3.));
#5043=CARTESIAN_POINT('',(-0.32,-10.48,-2.84));
#5044=CARTESIAN_POINT('Origin',(0.32,-10.48,-3.));
#5045=CARTESIAN_POINT('',(0.32,-9.84,-2.84));
#5046=CARTESIAN_POINT('',(0.32,-10.48,-2.84));
#5047=CARTESIAN_POINT('',(0.32,-9.84,-3.));
#5048=CARTESIAN_POINT('Origin',(-0.32,-9.84,-3.));
#5049=CARTESIAN_POINT('',(-0.32,-9.84,-2.84));
#5050=CARTESIAN_POINT('',(-0.32,-9.84,-2.84));
#5051=CARTESIAN_POINT('',(-0.32,-9.84,-3.));
#5052=CARTESIAN_POINT('Origin',(-0.32,-10.48,-3.));
#5053=CARTESIAN_POINT('',(-0.32,-10.48,-2.84));
#5054=CARTESIAN_POINT('Origin',(-0.32,-7.94,-3.));
#5055=CARTESIAN_POINT('',(0.32,-7.94,-2.84));
#5056=CARTESIAN_POINT('',(0.32,-7.94,-3.));
#5057=CARTESIAN_POINT('',(-0.32,-7.94,-2.84));
#5058=CARTESIAN_POINT('',(-0.32,-7.94,-3.));
#5059=CARTESIAN_POINT('',(-0.32,-7.94,-2.84));
#5060=CARTESIAN_POINT('Origin',(0.32,-7.94,-3.));
#5061=CARTESIAN_POINT('',(0.32,-7.3,-2.84));
#5062=CARTESIAN_POINT('',(0.32,-7.94,-2.84));
#5063=CARTESIAN_POINT('',(0.32,-7.3,-3.));
#5064=CARTESIAN_POINT('Origin',(-0.32,-7.3,-3.));
#5065=CARTESIAN_POINT('',(-0.32,-7.3,-2.84));
#5066=CARTESIAN_POINT('',(-0.32,-7.3,-2.84));
#5067=CARTESIAN_POINT('',(-0.32,-7.3,-3.));
#5068=CARTESIAN_POINT('Origin',(-0.32,-7.94,-3.));
#5069=CARTESIAN_POINT('',(-0.32,-7.94,-2.84));
#5070=CARTESIAN_POINT('Origin',(-0.32,-5.4,-3.));
#5071=CARTESIAN_POINT('',(0.32,-5.4,-2.84));
#5072=CARTESIAN_POINT('',(0.32,-5.4,-3.));
#5073=CARTESIAN_POINT('',(-0.32,-5.4,-2.84));
#5074=CARTESIAN_POINT('',(-0.32,-5.4,-3.));
#5075=CARTESIAN_POINT('',(-0.32,-5.4,-2.84));
#5076=CARTESIAN_POINT('Origin',(0.32,-5.4,-3.));
#5077=CARTESIAN_POINT('',(0.32,-4.76,-2.84));
#5078=CARTESIAN_POINT('',(0.32,-5.4,-2.84));
#5079=CARTESIAN_POINT('',(0.32,-4.76,-3.));
#5080=CARTESIAN_POINT('Origin',(-0.32,-4.76,-3.));
#5081=CARTESIAN_POINT('',(-0.32,-4.76,-2.84));
#5082=CARTESIAN_POINT('',(-0.32,-4.76,-2.84));
#5083=CARTESIAN_POINT('',(-0.32,-4.76,-3.));
#5084=CARTESIAN_POINT('Origin',(-0.32,-5.4,-3.));
#5085=CARTESIAN_POINT('',(-0.32,-5.4,-2.84));
#5086=CARTESIAN_POINT('Origin',(2.22,-9.84,-3.));
#5087=CARTESIAN_POINT('',(2.86,-9.84,-2.84));
#5088=CARTESIAN_POINT('',(2.86,-9.84,-3.));
#5089=CARTESIAN_POINT('',(2.22,-9.84,-2.84));
#5090=CARTESIAN_POINT('',(2.22,-9.84,-2.84));
#5091=CARTESIAN_POINT('',(2.22,-9.84,-3.));
#5092=CARTESIAN_POINT('Origin',(2.22,-10.48,-3.));
#5093=CARTESIAN_POINT('',(2.22,-10.48,-2.84));
#5094=CARTESIAN_POINT('',(2.22,-10.48,-3.));
#5095=CARTESIAN_POINT('',(2.22,-10.48,-2.84));
#5096=CARTESIAN_POINT('Origin',(2.22,-10.48,-3.));
#5097=CARTESIAN_POINT('',(2.86,-10.48,-2.84));
#5098=CARTESIAN_POINT('',(2.86,-10.48,-3.));
#5099=CARTESIAN_POINT('',(2.22,-10.48,-2.84));
#5100=CARTESIAN_POINT('Origin',(2.86,-10.48,-3.));
#5101=CARTESIAN_POINT('',(2.86,-10.48,-2.84));
#5102=CARTESIAN_POINT('Origin',(2.22,-7.3,-3.));
#5103=CARTESIAN_POINT('',(2.86,-7.3,-2.84));
#5104=CARTESIAN_POINT('',(2.86,-7.3,-3.));
#5105=CARTESIAN_POINT('',(2.22,-7.3,-2.84));
#5106=CARTESIAN_POINT('',(2.22,-7.3,-2.84));
#5107=CARTESIAN_POINT('',(2.22,-7.3,-3.));
#5108=CARTESIAN_POINT('Origin',(2.22,-7.94,-3.));
#5109=CARTESIAN_POINT('',(2.22,-7.94,-2.84));
#5110=CARTESIAN_POINT('',(2.22,-7.94,-3.));
#5111=CARTESIAN_POINT('',(2.22,-7.94,-2.84));
#5112=CARTESIAN_POINT('Origin',(2.22,-7.94,-3.));
#5113=CARTESIAN_POINT('',(2.86,-7.94,-2.84));
#5114=CARTESIAN_POINT('',(2.86,-7.94,-3.));
#5115=CARTESIAN_POINT('',(2.22,-7.94,-2.84));
#5116=CARTESIAN_POINT('Origin',(2.86,-7.94,-3.));
#5117=CARTESIAN_POINT('',(2.86,-7.94,-2.84));
#5118=CARTESIAN_POINT('Origin',(2.22,-4.76,-3.));
#5119=CARTESIAN_POINT('',(2.86,-4.76,-2.84));
#5120=CARTESIAN_POINT('',(2.86,-4.76,-3.));
#5121=CARTESIAN_POINT('',(2.22,-4.76,-2.84));
#5122=CARTESIAN_POINT('',(2.22,-4.76,-2.84));
#5123=CARTESIAN_POINT('',(2.22,-4.76,-3.));
#5124=CARTESIAN_POINT('Origin',(2.22,-5.4,-3.));
#5125=CARTESIAN_POINT('',(2.22,-5.4,-2.84));
#5126=CARTESIAN_POINT('',(2.22,-5.4,-3.));
#5127=CARTESIAN_POINT('',(2.22,-5.4,-2.84));
#5128=CARTESIAN_POINT('Origin',(2.22,-5.4,-3.));
#5129=CARTESIAN_POINT('',(2.86,-5.4,-2.84));
#5130=CARTESIAN_POINT('',(2.86,-5.4,-3.));
#5131=CARTESIAN_POINT('',(2.22,-5.4,-2.84));
#5132=CARTESIAN_POINT('Origin',(2.86,-5.4,-3.));
#5133=CARTESIAN_POINT('',(2.86,-5.4,-2.84));
#5134=CARTESIAN_POINT('Origin',(-0.32,-0.32,-3.));
#5135=CARTESIAN_POINT('',(0.32,-0.32,8.38));
#5136=CARTESIAN_POINT('',(0.32,-0.32,-3.));
#5137=CARTESIAN_POINT('',(-0.32,-0.32,8.38));
#5138=CARTESIAN_POINT('',(-0.32,-0.32,8.38));
#5139=CARTESIAN_POINT('',(-0.32,-0.32,-3.));
#5140=CARTESIAN_POINT('Origin',(0.32,-0.32,-3.));
#5141=CARTESIAN_POINT('',(0.32,0.32,8.38));
#5142=CARTESIAN_POINT('',(0.32,0.32,-3.));
#5143=CARTESIAN_POINT('',(0.32,-0.32,8.38));
#5144=CARTESIAN_POINT('Origin',(-0.32,0.32,-3.));
#5145=CARTESIAN_POINT('',(-0.32,0.32,8.38));
#5146=CARTESIAN_POINT('',(-0.32,0.32,-3.));
#5147=CARTESIAN_POINT('',(-0.32,0.32,8.38));
#5148=CARTESIAN_POINT('Origin',(-0.32,-0.32,-3.));
#5149=CARTESIAN_POINT('',(-0.32,-0.32,8.38));
#5150=CARTESIAN_POINT('Origin',(2.86,-2.86,-3.));
#5151=CARTESIAN_POINT('',(2.86,-2.86,8.38));
#5152=CARTESIAN_POINT('',(2.86,-2.86,-3.));
#5153=CARTESIAN_POINT('',(2.86,-2.22,8.38));
#5154=CARTESIAN_POINT('',(2.86,-2.22,-3.));
#5155=CARTESIAN_POINT('',(2.86,-2.86,8.38));
#5156=CARTESIAN_POINT('Origin',(2.22,-2.22,-3.));
#5157=CARTESIAN_POINT('',(2.22,-2.22,8.38));
#5158=CARTESIAN_POINT('',(2.22,-2.22,-3.));
#5159=CARTESIAN_POINT('',(2.22,-2.22,8.38));
#5160=CARTESIAN_POINT('Origin',(2.22,-2.86,-3.));
#5161=CARTESIAN_POINT('',(2.22,-2.86,8.38));
#5162=CARTESIAN_POINT('',(2.22,-2.86,-3.));
#5163=CARTESIAN_POINT('',(2.22,-2.86,8.38));
#5164=CARTESIAN_POINT('Origin',(2.22,-2.86,-3.));
#5165=CARTESIAN_POINT('',(2.22,-2.86,8.38));
#5166=CARTESIAN_POINT('Origin',(-0.32,-2.22,-3.));
#5167=CARTESIAN_POINT('',(0.32,-2.22,8.38));
#5168=CARTESIAN_POINT('',(0.32,-2.22,-3.));
#5169=CARTESIAN_POINT('',(-0.32,-2.22,8.38));
#5170=CARTESIAN_POINT('',(-0.32,-2.22,-3.));
#5171=CARTESIAN_POINT('',(-0.32,-2.22,8.38));
#5172=CARTESIAN_POINT('Origin',(-0.32,-2.86,-3.));
#5173=CARTESIAN_POINT('',(-0.32,-2.86,8.38));
#5174=CARTESIAN_POINT('',(-0.32,-2.86,-3.));
#5175=CARTESIAN_POINT('',(-0.32,-2.86,8.38));
#5176=CARTESIAN_POINT('Origin',(-0.32,-2.86,-3.));
#5177=CARTESIAN_POINT('',(0.32,-2.86,8.38));
#5178=CARTESIAN_POINT('',(0.32,-2.86,-3.));
#5179=CARTESIAN_POINT('',(-0.32,-2.86,8.38));
#5180=CARTESIAN_POINT('Origin',(0.32,-2.86,-3.));
#5181=CARTESIAN_POINT('',(0.32,-2.86,8.38));
#5182=CARTESIAN_POINT('Origin',(-0.32,-10.48,-3.));
#5183=CARTESIAN_POINT('',(0.32,-10.48,8.38));
#5184=CARTESIAN_POINT('',(0.32,-10.48,-3.));
#5185=CARTESIAN_POINT('',(-0.32,-10.48,8.38));
#5186=CARTESIAN_POINT('',(-0.32,-10.48,8.38));
#5187=CARTESIAN_POINT('',(-0.32,-10.48,-3.));
#5188=CARTESIAN_POINT('Origin',(0.32,-10.48,-3.));
#5189=CARTESIAN_POINT('',(0.32,-9.84,8.38));
#5190=CARTESIAN_POINT('',(0.32,-9.84,-3.));
#5191=CARTESIAN_POINT('',(0.32,-10.48,8.38));
#5192=CARTESIAN_POINT('Origin',(-0.32,-9.84,-3.));
#5193=CARTESIAN_POINT('',(-0.32,-9.84,8.38));
#5194=CARTESIAN_POINT('',(-0.32,-9.84,-3.));
#5195=CARTESIAN_POINT('',(-0.32,-9.84,8.38));
#5196=CARTESIAN_POINT('Origin',(-0.32,-10.48,-3.));
#5197=CARTESIAN_POINT('',(-0.32,-10.48,8.38));
#5198=CARTESIAN_POINT('Origin',(-0.32,-7.94,-3.));
#5199=CARTESIAN_POINT('',(0.32,-7.94,8.38));
#5200=CARTESIAN_POINT('',(0.32,-7.94,-3.));
#5201=CARTESIAN_POINT('',(-0.32,-7.94,8.38));
#5202=CARTESIAN_POINT('',(-0.32,-7.94,8.38));
#5203=CARTESIAN_POINT('',(-0.32,-7.94,-3.));
#5204=CARTESIAN_POINT('Origin',(0.32,-7.94,-3.));
#5205=CARTESIAN_POINT('',(0.32,-7.3,8.38));
#5206=CARTESIAN_POINT('',(0.32,-7.3,-3.));
#5207=CARTESIAN_POINT('',(0.32,-7.94,8.38));
#5208=CARTESIAN_POINT('Origin',(-0.32,-7.3,-3.));
#5209=CARTESIAN_POINT('',(-0.32,-7.3,8.38));
#5210=CARTESIAN_POINT('',(-0.32,-7.3,-3.));
#5211=CARTESIAN_POINT('',(-0.32,-7.3,8.38));
#5212=CARTESIAN_POINT('Origin',(-0.32,-7.94,-3.));
#5213=CARTESIAN_POINT('',(-0.32,-7.94,8.38));
#5214=CARTESIAN_POINT('Origin',(-0.32,-5.4,-3.));
#5215=CARTESIAN_POINT('',(0.32,-5.4,8.38));
#5216=CARTESIAN_POINT('',(0.32,-5.4,-3.));
#5217=CARTESIAN_POINT('',(-0.32,-5.4,8.38));
#5218=CARTESIAN_POINT('',(-0.32,-5.4,8.38));
#5219=CARTESIAN_POINT('',(-0.32,-5.4,-3.));
#5220=CARTESIAN_POINT('Origin',(0.32,-5.4,-3.));
#5221=CARTESIAN_POINT('',(0.32,-4.76,8.38));
#5222=CARTESIAN_POINT('',(0.32,-4.76,-3.));
#5223=CARTESIAN_POINT('',(0.32,-5.4,8.38));
#5224=CARTESIAN_POINT('Origin',(-0.32,-4.76,-3.));
#5225=CARTESIAN_POINT('',(-0.32,-4.76,8.38));
#5226=CARTESIAN_POINT('',(-0.32,-4.76,-3.));
#5227=CARTESIAN_POINT('',(-0.32,-4.76,8.38));
#5228=CARTESIAN_POINT('Origin',(-0.32,-5.4,-3.));
#5229=CARTESIAN_POINT('',(-0.32,-5.4,8.38));
#5230=CARTESIAN_POINT('Origin',(2.22,-9.84,-3.));
#5231=CARTESIAN_POINT('',(2.86,-9.84,8.38));
#5232=CARTESIAN_POINT('',(2.86,-9.84,-3.));
#5233=CARTESIAN_POINT('',(2.22,-9.84,8.38));
#5234=CARTESIAN_POINT('',(2.22,-9.84,-3.));
#5235=CARTESIAN_POINT('',(2.22,-9.84,8.38));
#5236=CARTESIAN_POINT('Origin',(2.22,-10.48,-3.));
#5237=CARTESIAN_POINT('',(2.22,-10.48,8.38));
#5238=CARTESIAN_POINT('',(2.22,-10.48,-3.));
#5239=CARTESIAN_POINT('',(2.22,-10.48,8.38));
#5240=CARTESIAN_POINT('Origin',(2.22,-10.48,-3.));
#5241=CARTESIAN_POINT('',(2.86,-10.48,8.38));
#5242=CARTESIAN_POINT('',(2.86,-10.48,-3.));
#5243=CARTESIAN_POINT('',(2.22,-10.48,8.38));
#5244=CARTESIAN_POINT('Origin',(2.86,-10.48,-3.));
#5245=CARTESIAN_POINT('',(2.86,-10.48,8.38));
#5246=CARTESIAN_POINT('Origin',(2.22,-7.3,-3.));
#5247=CARTESIAN_POINT('',(2.86,-7.3,8.38));
#5248=CARTESIAN_POINT('',(2.86,-7.3,-3.));
#5249=CARTESIAN_POINT('',(2.22,-7.3,8.38));
#5250=CARTESIAN_POINT('',(2.22,-7.3,-3.));
#5251=CARTESIAN_POINT('',(2.22,-7.3,8.38));
#5252=CARTESIAN_POINT('Origin',(2.22,-7.94,-3.));
#5253=CARTESIAN_POINT('',(2.22,-7.94,8.38));
#5254=CARTESIAN_POINT('',(2.22,-7.94,-3.));
#5255=CARTESIAN_POINT('',(2.22,-7.94,8.38));
#5256=CARTESIAN_POINT('Origin',(2.22,-7.94,-3.));
#5257=CARTESIAN_POINT('',(2.86,-7.94,8.38));
#5258=CARTESIAN_POINT('',(2.86,-7.94,-3.));
#5259=CARTESIAN_POINT('',(2.22,-7.94,8.38));
#5260=CARTESIAN_POINT('Origin',(2.86,-7.94,-3.));
#5261=CARTESIAN_POINT('',(2.86,-7.94,8.38));
#5262=CARTESIAN_POINT('Origin',(2.22,-4.76,-3.));
#5263=CARTESIAN_POINT('',(2.86,-4.76,8.38));
#5264=CARTESIAN_POINT('',(2.86,-4.76,-3.));
#5265=CARTESIAN_POINT('',(2.22,-4.76,8.38));
#5266=CARTESIAN_POINT('',(2.22,-4.76,-3.));
#5267=CARTESIAN_POINT('',(2.22,-4.76,8.38));
#5268=CARTESIAN_POINT('Origin',(2.22,-5.4,-3.));
#5269=CARTESIAN_POINT('',(2.22,-5.4,8.38));
#5270=CARTESIAN_POINT('',(2.22,-5.4,-3.));
#5271=CARTESIAN_POINT('',(2.22,-5.4,8.38));
#5272=CARTESIAN_POINT('Origin',(2.22,-5.4,-3.));
#5273=CARTESIAN_POINT('',(2.86,-5.4,8.38));
#5274=CARTESIAN_POINT('',(2.86,-5.4,-3.));
#5275=CARTESIAN_POINT('',(2.22,-5.4,8.38));
#5276=CARTESIAN_POINT('Origin',(2.86,-5.4,-3.));
#5277=CARTESIAN_POINT('',(2.86,-5.4,8.38));
#5278=CARTESIAN_POINT('Origin',(-0.32,-0.24,-2.92));
#5279=CARTESIAN_POINT('',(-0.16,-0.16,-3.));
#5280=CARTESIAN_POINT('',(-0.266666666667,-0.266666666667,-2.893333333333));
#5281=CARTESIAN_POINT('',(0.16,-0.16,-3.));
#5282=CARTESIAN_POINT('',(-0.32,-0.16,-3.));
#5283=CARTESIAN_POINT('',(0.16,-0.16,-3.));
#5284=CARTESIAN_POINT('Origin',(0.24,-0.32,-2.92));
#5285=CARTESIAN_POINT('',(0.16,0.16,-3.));
#5286=CARTESIAN_POINT('',(0.16,-0.32,-3.));
#5287=CARTESIAN_POINT('',(0.05333333333333,0.05333333333333,-3.106666666667));
#5288=CARTESIAN_POINT('Origin',(-0.32,0.24,-2.92));
#5289=CARTESIAN_POINT('',(-0.16,0.16,-3.));
#5290=CARTESIAN_POINT('',(-0.16,0.16,-3.));
#5291=CARTESIAN_POINT('',(-0.32,0.16,-3.));
#5292=CARTESIAN_POINT('Origin',(-0.24,-0.32,-2.92));
#5293=CARTESIAN_POINT('',(-0.16,-0.32,-3.));
#5294=CARTESIAN_POINT('Origin',(2.78,-2.86,-2.92));
#5295=CARTESIAN_POINT('',(2.7,-2.7,-3.));
#5296=CARTESIAN_POINT('',(2.7,-2.7,-3.));
#5297=CARTESIAN_POINT('',(2.7,-2.38,-3.));
#5298=CARTESIAN_POINT('',(2.7,-2.86,-3.));
#5299=CARTESIAN_POINT('',(2.593333333333,-2.486666666667,-3.106666666667));
#5300=CARTESIAN_POINT('Origin',(2.22,-2.3,-2.92));
#5301=CARTESIAN_POINT('',(2.38,-2.38,-3.));
#5302=CARTESIAN_POINT('',(2.38,-2.38,-3.));
#5303=CARTESIAN_POINT('',(2.22,-2.38,-3.));
#5304=CARTESIAN_POINT('Origin',(2.3,-2.86,-2.92));
#5305=CARTESIAN_POINT('',(2.38,-2.7,-3.));
#5306=CARTESIAN_POINT('',(2.273333333333,-2.806666666667,-2.893333333333));
#5307=CARTESIAN_POINT('',(2.38,-2.86,-3.));
#5308=CARTESIAN_POINT('Origin',(2.22,-2.78,-2.92));
#5309=CARTESIAN_POINT('',(2.22,-2.7,-3.));
#5310=CARTESIAN_POINT('Origin',(-0.32,-2.3,-2.92));
#5311=CARTESIAN_POINT('',(-0.16,-2.38,-3.));
#5312=CARTESIAN_POINT('',(-0.16,-2.38,-3.));
#5313=CARTESIAN_POINT('',(0.16,-2.38,-3.));
#5314=CARTESIAN_POINT('',(0.05333333333333,-2.486666666667,-3.106666666667));
#5315=CARTESIAN_POINT('',(-0.32,-2.38,-3.));
#5316=CARTESIAN_POINT('Origin',(-0.24,-2.86,-2.92));
#5317=CARTESIAN_POINT('',(-0.16,-2.7,-3.));
#5318=CARTESIAN_POINT('',(-0.266666666667,-2.806666666667,-2.893333333333));
#5319=CARTESIAN_POINT('',(-0.16,-2.86,-3.));
#5320=CARTESIAN_POINT('Origin',(-0.32,-2.78,-2.92));
#5321=CARTESIAN_POINT('',(0.16,-2.7,-3.));
#5322=CARTESIAN_POINT('',(-0.32,-2.7,-3.));
#5323=CARTESIAN_POINT('',(0.16,-2.7,-3.));
#5324=CARTESIAN_POINT('Origin',(0.24,-2.86,-2.92));
#5325=CARTESIAN_POINT('',(0.16,-2.86,-3.));
#5326=CARTESIAN_POINT('Origin',(-0.32,-10.4,-2.92));
#5327=CARTESIAN_POINT('',(-0.16,-10.32,-3.));
#5328=CARTESIAN_POINT('',(-0.266666666667,-10.42666666666,-2.893333333333));
#5329=CARTESIAN_POINT('',(0.16,-10.32,-3.));
#5330=CARTESIAN_POINT('',(-0.32,-10.32,-3.));
#5331=CARTESIAN_POINT('',(0.16,-10.32,-3.));
#5332=CARTESIAN_POINT('Origin',(0.24,-10.48,-2.92));
#5333=CARTESIAN_POINT('',(0.16,-10.,-3.));
#5334=CARTESIAN_POINT('',(0.16,-10.48,-3.));
#5335=CARTESIAN_POINT('',(0.05333333333333,-10.10666666666,-3.106666666667));
#5336=CARTESIAN_POINT('Origin',(-0.32,-9.92,-2.92));
#5337=CARTESIAN_POINT('',(-0.16,-10.,-3.));
#5338=CARTESIAN_POINT('',(-0.16,-10.,-3.));
#5339=CARTESIAN_POINT('',(-0.32,-10.,-3.));
#5340=CARTESIAN_POINT('Origin',(-0.24,-10.48,-2.92));
#5341=CARTESIAN_POINT('',(-0.16,-10.48,-3.));
#5342=CARTESIAN_POINT('Origin',(-0.32,-7.86,-2.92));
#5343=CARTESIAN_POINT('',(-0.16,-7.78,-3.));
#5344=CARTESIAN_POINT('',(-0.266666666667,-7.886666666667,-2.893333333333));
#5345=CARTESIAN_POINT('',(0.16,-7.78,-3.));
#5346=CARTESIAN_POINT('',(-0.32,-7.78,-3.));
#5347=CARTESIAN_POINT('',(0.16,-7.78,-3.));
#5348=CARTESIAN_POINT('Origin',(0.24,-7.94,-2.92));
#5349=CARTESIAN_POINT('',(0.16,-7.46,-3.));
#5350=CARTESIAN_POINT('',(0.16,-7.94,-3.));
#5351=CARTESIAN_POINT('',(0.05333333333333,-7.566666666667,-3.106666666667));
#5352=CARTESIAN_POINT('Origin',(-0.32,-7.38,-2.92));
#5353=CARTESIAN_POINT('',(-0.16,-7.46,-3.));
#5354=CARTESIAN_POINT('',(-0.16,-7.46,-3.));
#5355=CARTESIAN_POINT('',(-0.32,-7.46,-3.));
#5356=CARTESIAN_POINT('Origin',(-0.24,-7.94,-2.92));
#5357=CARTESIAN_POINT('',(-0.16,-7.94,-3.));
#5358=CARTESIAN_POINT('Origin',(-0.32,-5.32,-2.92));
#5359=CARTESIAN_POINT('',(-0.16,-5.24,-3.));
#5360=CARTESIAN_POINT('',(-0.266666666667,-5.346666666667,-2.893333333333));
#5361=CARTESIAN_POINT('',(0.16,-5.24,-3.));
#5362=CARTESIAN_POINT('',(-0.32,-5.24,-3.));
#5363=CARTESIAN_POINT('',(0.16,-5.24,-3.));
#5364=CARTESIAN_POINT('Origin',(0.24,-5.4,-2.92));
#5365=CARTESIAN_POINT('',(0.16,-4.92,-3.));
#5366=CARTESIAN_POINT('',(0.16,-5.4,-3.));
#5367=CARTESIAN_POINT('',(0.05333333333333,-5.026666666667,-3.106666666667));
#5368=CARTESIAN_POINT('Origin',(-0.32,-4.84,-2.92));
#5369=CARTESIAN_POINT('',(-0.16,-4.92,-3.));
#5370=CARTESIAN_POINT('',(-0.16,-4.92,-3.));
#5371=CARTESIAN_POINT('',(-0.32,-4.92,-3.));
#5372=CARTESIAN_POINT('Origin',(-0.24,-5.4,-2.92));
#5373=CARTESIAN_POINT('',(-0.16,-5.4,-3.));
#5374=CARTESIAN_POINT('Origin',(2.22,-9.92,-2.92));
#5375=CARTESIAN_POINT('',(2.38,-10.,-3.));
#5376=CARTESIAN_POINT('',(2.38,-10.,-3.));
#5377=CARTESIAN_POINT('',(2.7,-10.,-3.));
#5378=CARTESIAN_POINT('',(2.593333333333,-10.10666666666,-3.106666666667));
#5379=CARTESIAN_POINT('',(2.22,-10.,-3.));
#5380=CARTESIAN_POINT('Origin',(2.3,-10.48,-2.92));
#5381=CARTESIAN_POINT('',(2.38,-10.32,-3.));
#5382=CARTESIAN_POINT('',(2.273333333333,-10.42666666666,-2.893333333333));
#5383=CARTESIAN_POINT('',(2.38,-10.48,-3.));
#5384=CARTESIAN_POINT('Origin',(2.22,-10.4,-2.92));
#5385=CARTESIAN_POINT('',(2.7,-10.32,-3.));
#5386=CARTESIAN_POINT('',(2.22,-10.32,-3.));
#5387=CARTESIAN_POINT('',(2.7,-10.32,-3.));
#5388=CARTESIAN_POINT('Origin',(2.78,-10.48,-2.92));
#5389=CARTESIAN_POINT('',(2.7,-10.48,-3.));
#5390=CARTESIAN_POINT('Origin',(2.22,-7.38,-2.92));
#5391=CARTESIAN_POINT('',(2.38,-7.46,-3.));
#5392=CARTESIAN_POINT('',(2.38,-7.46,-3.));
#5393=CARTESIAN_POINT('',(2.7,-7.46,-3.));
#5394=CARTESIAN_POINT('',(2.593333333333,-7.566666666667,-3.106666666667));
#5395=CARTESIAN_POINT('',(2.22,-7.46,-3.));
#5396=CARTESIAN_POINT('Origin',(2.3,-7.94,-2.92));
#5397=CARTESIAN_POINT('',(2.38,-7.78,-3.));
#5398=CARTESIAN_POINT('',(2.273333333333,-7.886666666667,-2.893333333333));
#5399=CARTESIAN_POINT('',(2.38,-7.94,-3.));
#5400=CARTESIAN_POINT('Origin',(2.22,-7.86,-2.92));
#5401=CARTESIAN_POINT('',(2.7,-7.78,-3.));
#5402=CARTESIAN_POINT('',(2.22,-7.78,-3.));
#5403=CARTESIAN_POINT('',(2.7,-7.78,-3.));
#5404=CARTESIAN_POINT('Origin',(2.78,-7.94,-2.92));
#5405=CARTESIAN_POINT('',(2.7,-7.94,-3.));
#5406=CARTESIAN_POINT('Origin',(2.22,-4.84,-2.92));
#5407=CARTESIAN_POINT('',(2.38,-4.92,-3.));
#5408=CARTESIAN_POINT('',(2.38,-4.92,-3.));
#5409=CARTESIAN_POINT('',(2.7,-4.92,-3.));
#5410=CARTESIAN_POINT('',(2.593333333333,-5.026666666667,-3.106666666667));
#5411=CARTESIAN_POINT('',(2.22,-4.92,-3.));
#5412=CARTESIAN_POINT('Origin',(2.3,-5.4,-2.92));
#5413=CARTESIAN_POINT('',(2.38,-5.24,-3.));
#5414=CARTESIAN_POINT('',(2.273333333333,-5.346666666667,-2.893333333333));
#5415=CARTESIAN_POINT('',(2.38,-5.4,-3.));
#5416=CARTESIAN_POINT('Origin',(2.22,-5.32,-2.92));
#5417=CARTESIAN_POINT('',(2.7,-5.24,-3.));
#5418=CARTESIAN_POINT('',(2.22,-5.24,-3.));
#5419=CARTESIAN_POINT('',(2.7,-5.24,-3.));
#5420=CARTESIAN_POINT('Origin',(2.78,-5.4,-2.92));
#5421=CARTESIAN_POINT('',(2.7,-5.4,-3.));
#5422=CARTESIAN_POINT('Origin',(-0.32,-0.24,8.46));
#5423=CARTESIAN_POINT('',(-0.16,-0.16,8.54));
#5424=CARTESIAN_POINT('',(-0.266666666667,-0.266666666667,8.433333333333));
#5425=CARTESIAN_POINT('',(0.16,-0.16,8.54));
#5426=CARTESIAN_POINT('',(0.16,-0.16,8.54));
#5427=CARTESIAN_POINT('',(-0.32,-0.16,8.54));
#5428=CARTESIAN_POINT('Origin',(0.24,-0.32,8.46));
#5429=CARTESIAN_POINT('',(0.16,0.16,8.54));
#5430=CARTESIAN_POINT('',(0.05333333333333,0.05333333333333,8.646666666667));
#5431=CARTESIAN_POINT('',(0.16,-0.32,8.54));
#5432=CARTESIAN_POINT('Origin',(-0.32,0.24,8.46));
#5433=CARTESIAN_POINT('',(-0.16,0.16,8.54));
#5434=CARTESIAN_POINT('',(-0.16,0.16,8.54));
#5435=CARTESIAN_POINT('',(-0.32,0.16,8.54));
#5436=CARTESIAN_POINT('Origin',(-0.24,-0.32,8.46));
#5437=CARTESIAN_POINT('',(-0.16,-0.32,8.54));
#5438=CARTESIAN_POINT('Origin',(2.78,-2.86,8.46));
#5439=CARTESIAN_POINT('',(2.7,-2.7,8.54));
#5440=CARTESIAN_POINT('',(2.7,-2.7,8.54));
#5441=CARTESIAN_POINT('',(2.7,-2.38,8.54));
#5442=CARTESIAN_POINT('',(2.593333333333,-2.486666666667,8.646666666667));
#5443=CARTESIAN_POINT('',(2.7,-2.86,8.54));
#5444=CARTESIAN_POINT('Origin',(2.22,-2.3,8.46));
#5445=CARTESIAN_POINT('',(2.38,-2.38,8.54));
#5446=CARTESIAN_POINT('',(2.38,-2.38,8.54));
#5447=CARTESIAN_POINT('',(2.22,-2.38,8.54));
#5448=CARTESIAN_POINT('Origin',(2.3,-2.86,8.46));
#5449=CARTESIAN_POINT('',(2.38,-2.7,8.54));
#5450=CARTESIAN_POINT('',(2.273333333333,-2.806666666667,8.433333333333));
#5451=CARTESIAN_POINT('',(2.38,-2.86,8.54));
#5452=CARTESIAN_POINT('Origin',(2.22,-2.78,8.46));
#5453=CARTESIAN_POINT('',(2.22,-2.7,8.54));
#5454=CARTESIAN_POINT('Origin',(-0.32,-2.3,8.46));
#5455=CARTESIAN_POINT('',(-0.16,-2.38,8.54));
#5456=CARTESIAN_POINT('',(-0.16,-2.38,8.54));
#5457=CARTESIAN_POINT('',(0.16,-2.38,8.54));
#5458=CARTESIAN_POINT('',(-0.32,-2.38,8.54));
#5459=CARTESIAN_POINT('',(0.05333333333333,-2.486666666667,8.646666666667));
#5460=CARTESIAN_POINT('Origin',(-0.24,-2.86,8.46));
#5461=CARTESIAN_POINT('',(-0.16,-2.7,8.54));
#5462=CARTESIAN_POINT('',(-0.266666666667,-2.806666666667,8.433333333333));
#5463=CARTESIAN_POINT('',(-0.16,-2.86,8.54));
#5464=CARTESIAN_POINT('Origin',(-0.32,-2.78,8.46));
#5465=CARTESIAN_POINT('',(0.16,-2.7,8.54));
#5466=CARTESIAN_POINT('',(0.16,-2.7,8.54));
#5467=CARTESIAN_POINT('',(-0.32,-2.7,8.54));
#5468=CARTESIAN_POINT('Origin',(0.24,-2.86,8.46));
#5469=CARTESIAN_POINT('',(0.16,-2.86,8.54));
#5470=CARTESIAN_POINT('Origin',(-0.32,-10.4,8.46));
#5471=CARTESIAN_POINT('',(-0.16,-10.32,8.54));
#5472=CARTESIAN_POINT('',(-0.266666666667,-10.42666666666,8.433333333333));
#5473=CARTESIAN_POINT('',(0.16,-10.32,8.54));
#5474=CARTESIAN_POINT('',(0.16,-10.32,8.54));
#5475=CARTESIAN_POINT('',(-0.32,-10.32,8.54));
#5476=CARTESIAN_POINT('Origin',(0.24,-10.48,8.46));
#5477=CARTESIAN_POINT('',(0.16,-10.,8.54));
#5478=CARTESIAN_POINT('',(0.05333333333333,-10.10666666666,8.646666666667));
#5479=CARTESIAN_POINT('',(0.16,-10.48,8.54));
#5480=CARTESIAN_POINT('Origin',(-0.32,-9.92,8.46));
#5481=CARTESIAN_POINT('',(-0.16,-10.,8.54));
#5482=CARTESIAN_POINT('',(-0.16,-10.,8.54));
#5483=CARTESIAN_POINT('',(-0.32,-10.,8.54));
#5484=CARTESIAN_POINT('Origin',(-0.24,-10.48,8.46));
#5485=CARTESIAN_POINT('',(-0.16,-10.48,8.54));
#5486=CARTESIAN_POINT('Origin',(-0.32,-7.86,8.46));
#5487=CARTESIAN_POINT('',(-0.16,-7.78,8.54));
#5488=CARTESIAN_POINT('',(-0.266666666667,-7.886666666667,8.433333333333));
#5489=CARTESIAN_POINT('',(0.16,-7.78,8.54));
#5490=CARTESIAN_POINT('',(0.16,-7.78,8.54));
#5491=CARTESIAN_POINT('',(-0.32,-7.78,8.54));
#5492=CARTESIAN_POINT('Origin',(0.24,-7.94,8.46));
#5493=CARTESIAN_POINT('',(0.16,-7.46,8.54));
#5494=CARTESIAN_POINT('',(0.05333333333333,-7.566666666667,8.646666666667));
#5495=CARTESIAN_POINT('',(0.16,-7.94,8.54));
#5496=CARTESIAN_POINT('Origin',(-0.32,-7.38,8.46));
#5497=CARTESIAN_POINT('',(-0.16,-7.46,8.54));
#5498=CARTESIAN_POINT('',(-0.16,-7.46,8.54));
#5499=CARTESIAN_POINT('',(-0.32,-7.46,8.54));
#5500=CARTESIAN_POINT('Origin',(-0.24,-7.94,8.46));
#5501=CARTESIAN_POINT('',(-0.16,-7.94,8.54));
#5502=CARTESIAN_POINT('Origin',(-0.32,-5.32,8.46));
#5503=CARTESIAN_POINT('',(-0.16,-5.24,8.54));
#5504=CARTESIAN_POINT('',(-0.266666666667,-5.346666666667,8.433333333333));
#5505=CARTESIAN_POINT('',(0.16,-5.24,8.54));
#5506=CARTESIAN_POINT('',(0.16,-5.24,8.54));
#5507=CARTESIAN_POINT('',(-0.32,-5.24,8.54));
#5508=CARTESIAN_POINT('Origin',(0.24,-5.4,8.46));
#5509=CARTESIAN_POINT('',(0.16,-4.92,8.54));
#5510=CARTESIAN_POINT('',(0.05333333333333,-5.026666666667,8.646666666667));
#5511=CARTESIAN_POINT('',(0.16,-5.4,8.54));
#5512=CARTESIAN_POINT('Origin',(-0.32,-4.84,8.46));
#5513=CARTESIAN_POINT('',(-0.16,-4.92,8.54));
#5514=CARTESIAN_POINT('',(-0.16,-4.92,8.54));
#5515=CARTESIAN_POINT('',(-0.32,-4.92,8.54));
#5516=CARTESIAN_POINT('Origin',(-0.24,-5.4,8.46));
#5517=CARTESIAN_POINT('',(-0.16,-5.4,8.54));
#5518=CARTESIAN_POINT('Origin',(2.22,-9.92,8.46));
#5519=CARTESIAN_POINT('',(2.38,-10.,8.54));
#5520=CARTESIAN_POINT('',(2.38,-10.,8.54));
#5521=CARTESIAN_POINT('',(2.7,-10.,8.54));
#5522=CARTESIAN_POINT('',(2.22,-10.,8.54));
#5523=CARTESIAN_POINT('',(2.593333333333,-10.10666666666,8.646666666667));
#5524=CARTESIAN_POINT('Origin',(2.3,-10.48,8.46));
#5525=CARTESIAN_POINT('',(2.38,-10.32,8.54));
#5526=CARTESIAN_POINT('',(2.273333333333,-10.42666666666,8.433333333333));
#5527=CARTESIAN_POINT('',(2.38,-10.48,8.54));
#5528=CARTESIAN_POINT('Origin',(2.22,-10.4,8.46));
#5529=CARTESIAN_POINT('',(2.7,-10.32,8.54));
#5530=CARTESIAN_POINT('',(2.7,-10.32,8.54));
#5531=CARTESIAN_POINT('',(2.22,-10.32,8.54));
#5532=CARTESIAN_POINT('Origin',(2.78,-10.48,8.46));
#5533=CARTESIAN_POINT('',(2.7,-10.48,8.54));
#5534=CARTESIAN_POINT('Origin',(2.22,-7.38,8.46));
#5535=CARTESIAN_POINT('',(2.38,-7.46,8.54));
#5536=CARTESIAN_POINT('',(2.38,-7.46,8.54));
#5537=CARTESIAN_POINT('',(2.7,-7.46,8.54));
#5538=CARTESIAN_POINT('',(2.22,-7.46,8.54));
#5539=CARTESIAN_POINT('',(2.593333333333,-7.566666666667,8.646666666667));
#5540=CARTESIAN_POINT('Origin',(2.3,-7.94,8.46));
#5541=CARTESIAN_POINT('',(2.38,-7.78,8.54));
#5542=CARTESIAN_POINT('',(2.273333333333,-7.886666666667,8.433333333333));
#5543=CARTESIAN_POINT('',(2.38,-7.94,8.54));
#5544=CARTESIAN_POINT('Origin',(2.22,-7.86,8.46));
#5545=CARTESIAN_POINT('',(2.7,-7.78,8.54));
#5546=CARTESIAN_POINT('',(2.7,-7.78,8.54));
#5547=CARTESIAN_POINT('',(2.22,-7.78,8.54));
#5548=CARTESIAN_POINT('Origin',(2.78,-7.94,8.46));
#5549=CARTESIAN_POINT('',(2.7,-7.94,8.54));
#5550=CARTESIAN_POINT('Origin',(2.22,-4.84,8.46));
#5551=CARTESIAN_POINT('',(2.38,-4.92,8.54));
#5552=CARTESIAN_POINT('',(2.38,-4.92,8.54));
#5553=CARTESIAN_POINT('',(2.7,-4.92,8.54));
#5554=CARTESIAN_POINT('',(2.22,-4.92,8.54));
#5555=CARTESIAN_POINT('',(2.593333333333,-5.026666666667,8.646666666667));
#5556=CARTESIAN_POINT('Origin',(2.3,-5.4,8.46));
#5557=CARTESIAN_POINT('',(2.38,-5.24,8.54));
#5558=CARTESIAN_POINT('',(2.273333333333,-5.346666666667,8.433333333333));
#5559=CARTESIAN_POINT('',(2.38,-5.4,8.54));
#5560=CARTESIAN_POINT('Origin',(2.22,-5.32,8.46));
#5561=CARTESIAN_POINT('',(2.7,-5.24,8.54));
#5562=CARTESIAN_POINT('',(2.7,-5.24,8.54));
#5563=CARTESIAN_POINT('',(2.22,-5.24,8.54));
#5564=CARTESIAN_POINT('Origin',(2.78,-5.4,8.46));
#5565=CARTESIAN_POINT('',(2.7,-5.4,8.54));
#5566=CARTESIAN_POINT('Origin',(-0.32,-0.32,-3.));
#5567=CARTESIAN_POINT('Origin',(2.22,-2.86,-3.));
#5568=CARTESIAN_POINT('Origin',(-0.32,-2.86,-3.));
#5569=CARTESIAN_POINT('Origin',(-0.32,-10.48,-3.));
#5570=CARTESIAN_POINT('Origin',(-0.32,-7.94,-3.));
#5571=CARTESIAN_POINT('Origin',(-0.32,-5.4,-3.));
#5572=CARTESIAN_POINT('Origin',(2.22,-10.48,-3.));
#5573=CARTESIAN_POINT('Origin',(2.22,-7.94,-3.));
#5574=CARTESIAN_POINT('Origin',(2.22,-5.4,-3.));
#5575=CARTESIAN_POINT('Origin',(-0.32,-0.32,8.54));
#5576=CARTESIAN_POINT('Origin',(2.22,-2.86,8.54));
#5577=CARTESIAN_POINT('Origin',(-0.32,-2.86,8.54));
#5578=CARTESIAN_POINT('Origin',(-0.32,-10.48,8.54));
#5579=CARTESIAN_POINT('Origin',(-0.32,-7.94,8.54));
#5580=CARTESIAN_POINT('Origin',(-0.32,-5.4,8.54));
#5581=CARTESIAN_POINT('Origin',(2.22,-10.48,8.54));
#5582=CARTESIAN_POINT('Origin',(2.22,-7.94,8.54));
#5583=CARTESIAN_POINT('Origin',(2.22,-5.4,8.54));
#5584=UNCERTAINTY_MEASURE_WITH_UNIT(LENGTH_MEASURE(0.01),#5588,
'DISTANCE_ACCURACY_VALUE',
'Maximum model space distance between geometric entities at asserted c
onnectivities');
#5585=UNCERTAINTY_MEASURE_WITH_UNIT(LENGTH_MEASURE(0.01),#5588,
'DISTANCE_ACCURACY_VALUE',
'Maximum model space distance between geometric entities at asserted c
onnectivities');
#5586=(
GEOMETRIC_REPRESENTATION_CONTEXT(3)
GLOBAL_UNCERTAINTY_ASSIGNED_CONTEXT((#5584))
GLOBAL_UNIT_ASSIGNED_CONTEXT((#5588,#5590,#5591))
REPRESENTATION_CONTEXT('','3D')
);
#5587=(
GEOMETRIC_REPRESENTATION_CONTEXT(3)
GLOBAL_UNCERTAINTY_ASSIGNED_CONTEXT((#5585))
GLOBAL_UNIT_ASSIGNED_CONTEXT((#5588,#5590,#5591))
REPRESENTATION_CONTEXT('','3D')
);
#5588=(
LENGTH_UNIT()
NAMED_UNIT(*)
SI_UNIT(.MILLI.,.METRE.)
);
#5589=(
LENGTH_UNIT()
NAMED_UNIT(*)
SI_UNIT($,.METRE.)
);
#5590=(
NAMED_UNIT(*)
PLANE_ANGLE_UNIT()
SI_UNIT($,.RADIAN.)
);
#5591=(
NAMED_UNIT(*)
SI_UNIT($,.STERADIAN.)
SOLID_ANGLE_UNIT()
);
#5592=SHAPE_DEFINITION_REPRESENTATION(#5593,#5594);
#5593=PRODUCT_DEFINITION_SHAPE('',$,#5596);
#5594=SHAPE_REPRESENTATION('',(#3604),#5586);
#5595=PRODUCT_DEFINITION_CONTEXT('part definition',#5600,'design');
#5596=PRODUCT_DEFINITION('PinHeader_2x05_P254mm_Vertical',
'PinHeader_2x05_P2.54mm_Vertical_KEY_Corner v1',#5597,#5595);
#5597=PRODUCT_DEFINITION_FORMATION('',$,#5602);
#5598=PRODUCT_RELATED_PRODUCT_CATEGORY(
'PinHeader_2x05_P2.54mm_Vertical_KEY_Corner v1',
'PinHeader_2x05_P2.54mm_Vertical_KEY_Corner v1',(#5602));
#5599=APPLICATION_PROTOCOL_DEFINITION('international standard',
'automotive_design',2009,#5600);
#5600=APPLICATION_CONTEXT(
'Core Data for Automotive Mechanical Design Process');
#5601=PRODUCT_CONTEXT('part definition',#5600,'mechanical');
#5602=PRODUCT('PinHeader_2x05_P254mm_Vertical',
'PinHeader_2x05_P2.54mm_Vertical_KEY_Corner v1',
'model of PinHeader_2x05_P2.54mm_Vertical',(#5601));
#5603=PRESENTATION_STYLE_ASSIGNMENT((#5606));
#5604=PRESENTATION_STYLE_ASSIGNMENT((#5607));
#5605=PRESENTATION_STYLE_ASSIGNMENT((#5608));
#5606=SURFACE_STYLE_USAGE(.BOTH.,#5609);
#5607=SURFACE_STYLE_USAGE(.BOTH.,#5610);
#5608=SURFACE_STYLE_USAGE(.BOTH.,#5611);
#5609=SURFACE_SIDE_STYLE('',(#5612));
#5610=SURFACE_SIDE_STYLE('',(#5613));
#5611=SURFACE_SIDE_STYLE('',(#5614));
#5612=SURFACE_STYLE_FILL_AREA(#5615);
#5613=SURFACE_STYLE_FILL_AREA(#5616);
#5614=SURFACE_STYLE_FILL_AREA(#5617);
#5615=FILL_AREA_STYLE('Steel - Satin',(#5618));
#5616=FILL_AREA_STYLE('Opaque(38,37,37)',(#5619));
#5617=FILL_AREA_STYLE('Opaque(219,188,126)',(#5620));
#5618=FILL_AREA_STYLE_COLOUR('Steel - Satin',#5621);
#5619=FILL_AREA_STYLE_COLOUR('Opaque(38,37,37)',#5622);
#5620=FILL_AREA_STYLE_COLOUR('Opaque(219,188,126)',#5623);
#5621=COLOUR_RGB('Steel - Satin',0.627450980392157,0.627450980392157,0.627450980392157);
#5622=COLOUR_RGB('Opaque(38,37,37)',0.149019607843137,0.145098039215686,
0.145098039215686);
#5623=COLOUR_RGB('Opaque(219,188,126)',0.858823529411765,0.737254901960784,
0.494117647058824);
ENDSEC;
END-ISO-10303-21;
